Site,Phase,Duration (s),Start,End,Gapped,date,start_time,day
1800,<A>,265,2020-12-01T23:15:32-05:00[America/New_York],2020-12-01T23:19:57-05:00[America/New_York],NA,2020-12-01,83732,Tuesday
1800,B,15,2020-12-01T23:19:57-05:00[America/New_York],2020-12-01T23:20:12-05:00[America/New_York],Yes,2020-12-01,83997,Tuesday
1800,<A>,64,2020-12-01T23:20:12-05:00[America/New_York],2020-12-01T23:21:16-05:00[America/New_York],Yes,2020-12-01,84012,Tuesday
1800,B,15,2020-12-01T23:21:16-05:00[America/New_York],2020-12-01T23:21:31-05:00[America/New_York],Yes,2020-12-01,84076,Tuesday
1800,<A>,38,2020-12-01T23:21:31-05:00[America/New_York],2020-12-01T23:22:09-05:00[America/New_York],Yes,2020-12-01,84091,Tuesday
1800,B,15,2020-12-01T23:22:09-05:00[America/New_York],2020-12-01T23:22:24-05:00[America/New_York],Yes,2020-12-01,84129,Tuesday
1800,<A>,78,2020-12-01T23:22:24-05:00[America/New_York],2020-12-01T23:23:42-05:00[America/New_York],NA,2020-12-01,84144,Tuesday
1800,B,15,2020-12-01T23:23:42-05:00[America/New_York],2020-12-01T23:23:57-05:00[America/New_York],Yes,2020-12-01,84222,Tuesday
1800,<A>,96,2020-12-01T23:23:57-05:00[America/New_York],2020-12-01T23:25:33-05:00[America/New_York],NA,2020-12-01,84237,Tuesday
1800,B,15,2020-12-01T23:25:33-05:00[America/New_York],2020-12-01T23:25:48-05:00[America/New_York],Yes,2020-12-01,84333,Tuesday
1800,<A>,138,2020-12-01T23:25:48-05:00[America/New_York],2020-12-01T23:28:06-05:00[America/New_York],Yes,2020-12-01,84348,Tuesday
1800,B,15,2020-12-01T23:28:06-05:00[America/New_York],2020-12-01T23:28:21-05:00[America/New_York],Yes,2020-12-01,84486,Tuesday
1800,<A>,207,2020-12-01T23:28:21-05:00[America/New_York],2020-12-01T23:31:48-05:00[America/New_York],Yes,2020-12-01,84501,Tuesday
1800,B,15,2020-12-01T23:31:48-05:00[America/New_York],2020-12-01T23:32:03-05:00[America/New_York],Yes,2020-12-01,84708,Tuesday
1800,<A>,71,2020-12-01T23:32:03-05:00[America/New_York],2020-12-01T23:33:14-05:00[America/New_York],Yes,2020-12-01,84723,Tuesday
1800,B,16,2020-12-01T23:33:14-05:00[America/New_York],2020-12-01T23:33:30-05:00[America/New_York],Yes,2020-12-01,84794,Tuesday
1800,<A>,61,2020-12-01T23:33:30-05:00[America/New_York],2020-12-01T23:34:31-05:00[America/New_York],Yes,2020-12-01,84810,Tuesday
1800,B,16,2020-12-01T23:34:31-05:00[America/New_York],2020-12-01T23:34:47-05:00[America/New_York],Yes,2020-12-01,84871,Tuesday
1800,<A>,518,2020-12-01T23:34:47-05:00[America/New_York],2020-12-01T23:43:25-05:00[America/New_York],Yes,2020-12-01,84887,Tuesday
1800,B,50,2020-12-01T23:43:25-05:00[America/New_York],2020-12-01T23:44:15-05:00[America/New_York],NA,2020-12-01,85405,Tuesday
1800,<A>,110,2020-12-01T23:44:15-05:00[America/New_York],2020-12-01T23:46:05-05:00[America/New_York],Yes,2020-12-01,85455,Tuesday
1800,B,15,2020-12-01T23:46:05-05:00[America/New_York],2020-12-01T23:46:20-05:00[America/New_York],Yes,2020-12-01,85565,Tuesday
1800,<A>,247,2020-12-01T23:46:20-05:00[America/New_York],2020-12-01T23:50:27-05:00[America/New_York],Yes,2020-12-01,85580,Tuesday
1800,B,17,2020-12-01T23:50:27-05:00[America/New_York],2020-12-01T23:50:44-05:00[America/New_York],Yes,2020-12-01,85827,Tuesday
1800,<A>,27,2020-12-01T23:50:44-05:00[America/New_York],2020-12-01T23:51:11-05:00[America/New_York],Yes,2020-12-01,85844,Tuesday
1800,B,15,2020-12-01T23:51:11-05:00[America/New_York],2020-12-01T23:51:26-05:00[America/New_York],Yes,2020-12-01,85871,Tuesday
1800,<A>,60,2020-12-01T23:51:26-05:00[America/New_York],2020-12-01T23:52:26-05:00[America/New_York],Yes,2020-12-01,85886,Tuesday
1800,B,15,2020-12-01T23:52:26-05:00[America/New_York],2020-12-01T23:52:41-05:00[America/New_York],Yes,2020-12-01,85946,Tuesday
1800,<A>,437,2020-12-01T23:52:41-05:00[America/New_York],2020-12-01T23:59:58-05:00[America/New_York],NA,2020-12-01,85961,Tuesday
1801,<A>,76,2020-12-01T23:15:35-05:00[America/New_York],2020-12-01T23:16:51-05:00[America/New_York],NA,2020-12-01,83735,Tuesday
1801,C,15,2020-12-01T23:16:51-05:00[America/New_York],2020-12-01T23:17:06-05:00[America/New_York],Yes,2020-12-01,83811,Tuesday
1801,<A>,41,2020-12-01T23:17:06-05:00[America/New_York],2020-12-01T23:17:47-05:00[America/New_York],Yes,2020-12-01,83826,Tuesday
1801,B,17,2020-12-01T23:17:47-05:00[America/New_York],2020-12-01T23:18:04-05:00[America/New_York],Yes,2020-12-01,83867,Tuesday
1801,C,16,2020-12-01T23:18:04-05:00[America/New_York],2020-12-01T23:18:20-05:00[America/New_York],Yes,2020-12-01,83884,Tuesday
1801,<A>,40,2020-12-01T23:18:20-05:00[America/New_York],2020-12-01T23:19:00-05:00[America/New_York],Yes,2020-12-01,83900,Tuesday
1801,B,15,2020-12-01T23:19:00-05:00[America/New_York],2020-12-01T23:19:15-05:00[America/New_York],Yes,2020-12-01,83940,Tuesday
1801,C,16,2020-12-01T23:19:15-05:00[America/New_York],2020-12-01T23:19:31-05:00[America/New_York],Yes,2020-12-01,83955,Tuesday
1801,<A>,111,2020-12-01T23:19:31-05:00[America/New_York],2020-12-01T23:21:22-05:00[America/New_York],NA,2020-12-01,83971,Tuesday
1801,C,22,2020-12-01T23:21:22-05:00[America/New_York],2020-12-01T23:21:44-05:00[America/New_York],NA,2020-12-01,84082,Tuesday
1801,<A>,57,2020-12-01T23:21:44-05:00[America/New_York],2020-12-01T23:22:41-05:00[America/New_York],Yes,2020-12-01,84104,Tuesday
1801,B,15,2020-12-01T23:22:41-05:00[America/New_York],2020-12-01T23:22:56-05:00[America/New_York],Yes,2020-12-01,84161,Tuesday
1801,<A>,271,2020-12-01T23:22:56-05:00[America/New_York],2020-12-01T23:27:27-05:00[America/New_York],NA,2020-12-01,84176,Tuesday
1801,C,18,2020-12-01T23:27:27-05:00[America/New_York],2020-12-01T23:27:45-05:00[America/New_York],Yes,2020-12-01,84447,Tuesday
1801,<A>,75,2020-12-01T23:27:45-05:00[America/New_York],2020-12-01T23:29:00-05:00[America/New_York],Yes,2020-12-01,84465,Tuesday
1801,C,15,2020-12-01T23:29:00-05:00[America/New_York],2020-12-01T23:29:15-05:00[America/New_York],Yes,2020-12-01,84540,Tuesday
1801,<A>,50,2020-12-01T23:29:15-05:00[America/New_York],2020-12-01T23:30:05-05:00[America/New_York],Yes,2020-12-01,84555,Tuesday
1801,B,15,2020-12-01T23:30:05-05:00[America/New_York],2020-12-01T23:30:20-05:00[America/New_York],Yes,2020-12-01,84605,Tuesday
1801,<A>,40,2020-12-01T23:30:20-05:00[America/New_York],2020-12-01T23:31:00-05:00[America/New_York],Yes,2020-12-01,84620,Tuesday
1801,B,16,2020-12-01T23:31:00-05:00[America/New_York],2020-12-01T23:31:16-05:00[America/New_York],Yes,2020-12-01,84660,Tuesday
1801,<A>,50,2020-12-01T23:31:16-05:00[America/New_York],2020-12-01T23:32:06-05:00[America/New_York],Yes,2020-12-01,84676,Tuesday
1801,B,16,2020-12-01T23:32:06-05:00[America/New_York],2020-12-01T23:32:22-05:00[America/New_York],NA,2020-12-01,84726,Tuesday
1801,C,15,2020-12-01T23:32:22-05:00[America/New_York],2020-12-01T23:32:37-05:00[America/New_York],Yes,2020-12-01,84742,Tuesday
1801,<A>,68,2020-12-01T23:32:37-05:00[America/New_York],2020-12-01T23:33:45-05:00[America/New_York],NA,2020-12-01,84757,Tuesday
1801,C,15,2020-12-01T23:33:45-05:00[America/New_York],2020-12-01T23:34:00-05:00[America/New_York],Yes,2020-12-01,84825,Tuesday
1801,<A>,39,2020-12-01T23:34:00-05:00[America/New_York],2020-12-01T23:34:39-05:00[America/New_York],Yes,2020-12-01,84840,Tuesday
1801,B,17,2020-12-01T23:34:39-05:00[America/New_York],2020-12-01T23:34:56-05:00[America/New_York],NA,2020-12-01,84879,Tuesday
1801,C,15,2020-12-01T23:34:56-05:00[America/New_York],2020-12-01T23:35:11-05:00[America/New_York],Yes,2020-12-01,84896,Tuesday
1801,<A>,59,2020-12-01T23:35:11-05:00[America/New_York],2020-12-01T23:36:10-05:00[America/New_York],Yes,2020-12-01,84911,Tuesday
1801,B,17,2020-12-01T23:36:10-05:00[America/New_York],2020-12-01T23:36:27-05:00[America/New_York],NA,2020-12-01,84970,Tuesday
1801,<A>,248,2020-12-01T23:36:27-05:00[America/New_York],2020-12-01T23:40:35-05:00[America/New_York],NA,2020-12-01,84987,Tuesday
1801,C,16,2020-12-01T23:40:35-05:00[America/New_York],2020-12-01T23:40:51-05:00[America/New_York],Yes,2020-12-01,85235,Tuesday
1801,<A>,41,2020-12-01T23:40:51-05:00[America/New_York],2020-12-01T23:41:32-05:00[America/New_York],Yes,2020-12-01,85251,Tuesday
1801,B,16,2020-12-01T23:41:32-05:00[America/New_York],2020-12-01T23:41:48-05:00[America/New_York],NA,2020-12-01,85292,Tuesday
1801,<A>,47,2020-12-01T23:41:48-05:00[America/New_York],2020-12-01T23:42:35-05:00[America/New_York],Yes,2020-12-01,85308,Tuesday
1801,B,15,2020-12-01T23:42:35-05:00[America/New_York],2020-12-01T23:42:50-05:00[America/New_York],Yes,2020-12-01,85355,Tuesday
1801,C,16,2020-12-01T23:42:50-05:00[America/New_York],2020-12-01T23:43:06-05:00[America/New_York],NA,2020-12-01,85370,Tuesday
1801,<A>,126,2020-12-01T23:43:06-05:00[America/New_York],2020-12-01T23:45:12-05:00[America/New_York],NA,2020-12-01,85386,Tuesday
1801,B,16,2020-12-01T23:45:12-05:00[America/New_York],2020-12-01T23:45:28-05:00[America/New_York],NA,2020-12-01,85512,Tuesday
1801,C,15,2020-12-01T23:45:28-05:00[America/New_York],2020-12-01T23:45:43-05:00[America/New_York],NA,2020-12-01,85528,Tuesday
1801,<A>,57,2020-12-01T23:45:43-05:00[America/New_York],2020-12-01T23:46:40-05:00[America/New_York],Yes,2020-12-01,85543,Tuesday
1801,C,15,2020-12-01T23:46:40-05:00[America/New_York],2020-12-01T23:46:55-05:00[America/New_York],NA,2020-12-01,85600,Tuesday
1801,<A>,39,2020-12-01T23:46:55-05:00[America/New_York],2020-12-01T23:47:34-05:00[America/New_York],Yes,2020-12-01,85615,Tuesday
1801,B,16,2020-12-01T23:47:34-05:00[America/New_York],2020-12-01T23:47:50-05:00[America/New_York],NA,2020-12-01,85654,Tuesday
1801,C,16,2020-12-01T23:47:50-05:00[America/New_York],2020-12-01T23:48:06-05:00[America/New_York],NA,2020-12-01,85670,Tuesday
1801,<A>,157,2020-12-01T23:48:06-05:00[America/New_York],2020-12-01T23:50:43-05:00[America/New_York],Yes,2020-12-01,85686,Tuesday
1801,B,15,2020-12-01T23:50:43-05:00[America/New_York],2020-12-01T23:50:58-05:00[America/New_York],NA,2020-12-01,85843,Tuesday
1801,C,16,2020-12-01T23:50:58-05:00[America/New_York],2020-12-01T23:51:14-05:00[America/New_York],NA,2020-12-01,85858,Tuesday
1801,<A>,44,2020-12-01T23:51:14-05:00[America/New_York],2020-12-01T23:51:58-05:00[America/New_York],Yes,2020-12-01,85874,Tuesday
1801,C,15,2020-12-01T23:51:58-05:00[America/New_York],2020-12-01T23:52:13-05:00[America/New_York],NA,2020-12-01,85918,Tuesday
1801,<A>,67,2020-12-01T23:52:13-05:00[America/New_York],2020-12-01T23:53:20-05:00[America/New_York],NA,2020-12-01,85933,Tuesday
1801,C,15,2020-12-01T23:53:20-05:00[America/New_York],2020-12-01T23:53:35-05:00[America/New_York],NA,2020-12-01,86000,Tuesday
1801,<A>,262,2020-12-01T23:53:35-05:00[America/New_York],2020-12-01T23:57:57-05:00[America/New_York],NA,2020-12-01,86015,Tuesday
1801,B,15,2020-12-01T23:57:57-05:00[America/New_York],2020-12-01T23:58:12-05:00[America/New_York],NA,2020-12-01,86277,Tuesday
1801,C,16,2020-12-01T23:58:12-05:00[America/New_York],2020-12-01T23:58:28-05:00[America/New_York],NA,2020-12-01,86292,Tuesday
1801,<A>,88,2020-12-01T23:58:28-05:00[America/New_York],2020-12-01T23:59:56-05:00[America/New_York],NA,2020-12-01,86308,Tuesday
1801,B,2,2020-12-01T23:59:56-05:00[America/New_York],2020-12-01T23:59:58-05:00[America/New_York],NA,2020-12-01,86396,Tuesday
1802,<A>,667,2020-12-01T23:15:28-05:00[America/New_York],2020-12-01T23:26:35-05:00[America/New_York],NA,2020-12-01,83728,Tuesday
1802,B,14,2020-12-01T23:26:35-05:00[America/New_York],2020-12-01T23:26:49-05:00[America/New_York],Yes,2020-12-01,84395,Tuesday
1802,<A>,113,2020-12-01T23:26:49-05:00[America/New_York],2020-12-01T23:28:42-05:00[America/New_York],Yes,2020-12-01,84409,Tuesday
1802,B,14,2020-12-01T23:28:42-05:00[America/New_York],2020-12-01T23:28:56-05:00[America/New_York],Yes,2020-12-01,84522,Tuesday
1802,<A>,205,2020-12-01T23:28:56-05:00[America/New_York],2020-12-01T23:32:21-05:00[America/New_York],Yes,2020-12-01,84536,Tuesday
1802,B,14,2020-12-01T23:32:21-05:00[America/New_York],2020-12-01T23:32:35-05:00[America/New_York],Yes,2020-12-01,84741,Tuesday
1802,<A>,32,2020-12-01T23:32:35-05:00[America/New_York],2020-12-01T23:33:07-05:00[America/New_York],Yes,2020-12-01,84755,Tuesday
1802,B,14,2020-12-01T23:33:07-05:00[America/New_York],2020-12-01T23:33:21-05:00[America/New_York],Yes,2020-12-01,84787,Tuesday
1802,<A>,304,2020-12-01T23:33:21-05:00[America/New_York],2020-12-01T23:38:25-05:00[America/New_York],Yes,2020-12-01,84801,Tuesday
1802,B,14,2020-12-01T23:38:25-05:00[America/New_York],2020-12-01T23:38:39-05:00[America/New_York],Yes,2020-12-01,85105,Tuesday
1802,<A>,382,2020-12-01T23:38:39-05:00[America/New_York],2020-12-01T23:45:01-05:00[America/New_York],NA,2020-12-01,85119,Tuesday
1802,B,14,2020-12-01T23:45:01-05:00[America/New_York],2020-12-01T23:45:15-05:00[America/New_York],Yes,2020-12-01,85501,Tuesday
1802,<A>,27,2020-12-01T23:45:15-05:00[America/New_York],2020-12-01T23:45:42-05:00[America/New_York],Yes,2020-12-01,85515,Tuesday
1802,B,14,2020-12-01T23:45:42-05:00[America/New_York],2020-12-01T23:45:56-05:00[America/New_York],Yes,2020-12-01,85542,Tuesday
1802,<A>,92,2020-12-01T23:45:56-05:00[America/New_York],2020-12-01T23:47:28-05:00[America/New_York],NA,2020-12-01,85556,Tuesday
1802,B,14,2020-12-01T23:47:28-05:00[America/New_York],2020-12-01T23:47:42-05:00[America/New_York],Yes,2020-12-01,85648,Tuesday
1802,<A>,736,2020-12-01T23:47:42-05:00[America/New_York],2020-12-01T23:59:58-05:00[America/New_York],NA,2020-12-01,85662,Tuesday
1803,<A>,54,2020-12-01T23:15:32-05:00[America/New_York],2020-12-01T23:16:26-05:00[America/New_York],NA,2020-12-01,83732,Tuesday
1803,B,14,2020-12-01T23:16:26-05:00[America/New_York],2020-12-01T23:16:40-05:00[America/New_York],Yes,2020-12-01,83786,Tuesday
1803,C,14,2020-12-01T23:16:40-05:00[America/New_York],2020-12-01T23:16:54-05:00[America/New_York],Yes,2020-12-01,83800,Tuesday
1803,<A>,38,2020-12-01T23:16:54-05:00[America/New_York],2020-12-01T23:17:32-05:00[America/New_York],Yes,2020-12-01,83814,Tuesday
1803,C,14,2020-12-01T23:17:32-05:00[America/New_York],2020-12-01T23:17:46-05:00[America/New_York],Yes,2020-12-01,83852,Tuesday
1803,<A>,176,2020-12-01T23:17:46-05:00[America/New_York],2020-12-01T23:20:42-05:00[America/New_York],NA,2020-12-01,83866,Tuesday
1803,B,14,2020-12-01T23:20:42-05:00[America/New_York],2020-12-01T23:20:56-05:00[America/New_York],Yes,2020-12-01,84042,Tuesday
1803,<A>,44,2020-12-01T23:20:56-05:00[America/New_York],2020-12-01T23:21:40-05:00[America/New_York],Yes,2020-12-01,84056,Tuesday
1803,B,16,2020-12-01T23:21:40-05:00[America/New_York],2020-12-01T23:21:56-05:00[America/New_York],Yes,2020-12-01,84100,Tuesday
1803,<A>,37,2020-12-01T23:21:56-05:00[America/New_York],2020-12-01T23:22:33-05:00[America/New_York],Yes,2020-12-01,84116,Tuesday
1803,B,15,2020-12-01T23:22:33-05:00[America/New_York],2020-12-01T23:22:48-05:00[America/New_York],Yes,2020-12-01,84153,Tuesday
1803,<A>,37,2020-12-01T23:22:48-05:00[America/New_York],2020-12-01T23:23:25-05:00[America/New_York],Yes,2020-12-01,84168,Tuesday
1803,B,15,2020-12-01T23:23:25-05:00[America/New_York],2020-12-01T23:23:40-05:00[America/New_York],NA,2020-12-01,84205,Tuesday
1803,C,14,2020-12-01T23:23:40-05:00[America/New_York],2020-12-01T23:23:54-05:00[America/New_York],Yes,2020-12-01,84220,Tuesday
1803,<A>,37,2020-12-01T23:23:54-05:00[America/New_York],2020-12-01T23:24:31-05:00[America/New_York],Yes,2020-12-01,84234,Tuesday
1803,B,15,2020-12-01T23:24:31-05:00[America/New_York],2020-12-01T23:24:46-05:00[America/New_York],Yes,2020-12-01,84271,Tuesday
1803,<A>,37,2020-12-01T23:24:46-05:00[America/New_York],2020-12-01T23:25:23-05:00[America/New_York],Yes,2020-12-01,84286,Tuesday
1803,C,15,2020-12-01T23:25:23-05:00[America/New_York],2020-12-01T23:25:38-05:00[America/New_York],Yes,2020-12-01,84323,Tuesday
1803,<A>,129,2020-12-01T23:25:38-05:00[America/New_York],2020-12-01T23:27:47-05:00[America/New_York],Yes,2020-12-01,84338,Tuesday
1803,C,30,2020-12-01T23:27:47-05:00[America/New_York],2020-12-01T23:28:17-05:00[America/New_York],Yes,2020-12-01,84467,Tuesday
1803,<A>,77,2020-12-01T23:28:17-05:00[America/New_York],2020-12-01T23:29:34-05:00[America/New_York],Yes,2020-12-01,84497,Tuesday
1803,C,14,2020-12-01T23:29:34-05:00[America/New_York],2020-12-01T23:29:48-05:00[America/New_York],Yes,2020-12-01,84574,Tuesday
1803,<A>,48,2020-12-01T23:29:48-05:00[America/New_York],2020-12-01T23:30:36-05:00[America/New_York],Yes,2020-12-01,84588,Tuesday
1803,B,14,2020-12-01T23:30:36-05:00[America/New_York],2020-12-01T23:30:50-05:00[America/New_York],Yes,2020-12-01,84636,Tuesday
1803,<A>,145,2020-12-01T23:30:50-05:00[America/New_York],2020-12-01T23:33:15-05:00[America/New_York],Yes,2020-12-01,84650,Tuesday
1803,C,14,2020-12-01T23:33:15-05:00[America/New_York],2020-12-01T23:33:29-05:00[America/New_York],Yes,2020-12-01,84795,Tuesday
1803,<A>,46,2020-12-01T23:33:29-05:00[America/New_York],2020-12-01T23:34:15-05:00[America/New_York],Yes,2020-12-01,84809,Tuesday
1803,B,15,2020-12-01T23:34:15-05:00[America/New_York],2020-12-01T23:34:30-05:00[America/New_York],NA,2020-12-01,84855,Tuesday
1803,C,14,2020-12-01T23:34:30-05:00[America/New_York],2020-12-01T23:34:44-05:00[America/New_York],Yes,2020-12-01,84870,Tuesday
1803,<A>,50,2020-12-01T23:34:44-05:00[America/New_York],2020-12-01T23:35:34-05:00[America/New_York],Yes,2020-12-01,84884,Tuesday
1803,C,14,2020-12-01T23:35:34-05:00[America/New_York],2020-12-01T23:35:48-05:00[America/New_York],Yes,2020-12-01,84934,Tuesday
1803,<A>,41,2020-12-01T23:35:48-05:00[America/New_York],2020-12-01T23:36:29-05:00[America/New_York],Yes,2020-12-01,84948,Tuesday
1803,B,14,2020-12-01T23:36:29-05:00[America/New_York],2020-12-01T23:36:43-05:00[America/New_York],NA,2020-12-01,84989,Tuesday
1803,C,17,2020-12-01T23:36:43-05:00[America/New_York],2020-12-01T23:37:00-05:00[America/New_York],Yes,2020-12-01,85003,Tuesday
1803,<A>,209,2020-12-01T23:37:00-05:00[America/New_York],2020-12-01T23:40:29-05:00[America/New_York],Yes,2020-12-01,85020,Tuesday
1803,B,14,2020-12-01T23:40:29-05:00[America/New_York],2020-12-01T23:40:43-05:00[America/New_York],Yes,2020-12-01,85229,Tuesday
1803,<A>,233,2020-12-01T23:40:43-05:00[America/New_York],2020-12-01T23:44:36-05:00[America/New_York],Yes,2020-12-01,85243,Tuesday
1803,C,14,2020-12-01T23:44:36-05:00[America/New_York],2020-12-01T23:44:50-05:00[America/New_York],Yes,2020-12-01,85476,Tuesday
1803,<A>,160,2020-12-01T23:44:50-05:00[America/New_York],2020-12-01T23:47:30-05:00[America/New_York],NA,2020-12-01,85490,Tuesday
1803,B,14,2020-12-01T23:47:30-05:00[America/New_York],2020-12-01T23:47:44-05:00[America/New_York],Yes,2020-12-01,85650,Tuesday
1803,<A>,43,2020-12-01T23:47:44-05:00[America/New_York],2020-12-01T23:48:27-05:00[America/New_York],Yes,2020-12-01,85664,Tuesday
1803,B,14,2020-12-01T23:48:27-05:00[America/New_York],2020-12-01T23:48:41-05:00[America/New_York],Yes,2020-12-01,85707,Tuesday
1803,<A>,38,2020-12-01T23:48:41-05:00[America/New_York],2020-12-01T23:49:19-05:00[America/New_York],Yes,2020-12-01,85721,Tuesday
1803,B,17,2020-12-01T23:49:19-05:00[America/New_York],2020-12-01T23:49:36-05:00[America/New_York],Yes,2020-12-01,85759,Tuesday
1803,<A>,75,2020-12-01T23:49:36-05:00[America/New_York],2020-12-01T23:50:51-05:00[America/New_York],NA,2020-12-01,85776,Tuesday
1803,C,14,2020-12-01T23:50:51-05:00[America/New_York],2020-12-01T23:51:05-05:00[America/New_York],Yes,2020-12-01,85851,Tuesday
1803,<A>,39,2020-12-01T23:51:05-05:00[America/New_York],2020-12-01T23:51:44-05:00[America/New_York],Yes,2020-12-01,85865,Tuesday
1803,B,15,2020-12-01T23:51:44-05:00[America/New_York],2020-12-01T23:51:59-05:00[America/New_York],Yes,2020-12-01,85904,Tuesday
1803,<A>,53,2020-12-01T23:51:59-05:00[America/New_York],2020-12-01T23:52:52-05:00[America/New_York],Yes,2020-12-01,85919,Tuesday
1803,C,14,2020-12-01T23:52:52-05:00[America/New_York],2020-12-01T23:53:06-05:00[America/New_York],Yes,2020-12-01,85972,Tuesday
1803,<A>,39,2020-12-01T23:53:06-05:00[America/New_York],2020-12-01T23:53:45-05:00[America/New_York],Yes,2020-12-01,85986,Tuesday
1803,B,14,2020-12-01T23:53:45-05:00[America/New_York],2020-12-01T23:53:59-05:00[America/New_York],Yes,2020-12-01,86025,Tuesday
1803,<A>,109,2020-12-01T23:53:59-05:00[America/New_York],2020-12-01T23:55:48-05:00[America/New_York],Yes,2020-12-01,86039,Tuesday
1803,C,15,2020-12-01T23:55:48-05:00[America/New_York],2020-12-01T23:56:03-05:00[America/New_York],Yes,2020-12-01,86148,Tuesday
1803,<A>,161,2020-12-01T23:56:03-05:00[America/New_York],2020-12-01T23:58:44-05:00[America/New_York],Yes,2020-12-01,86163,Tuesday
1803,B,14,2020-12-01T23:58:44-05:00[America/New_York],2020-12-01T23:58:58-05:00[America/New_York],Yes,2020-12-01,86324,Tuesday
1803,<A>,60,2020-12-01T23:58:58-05:00[America/New_York],2020-12-01T23:59:58-05:00[America/New_York],NA,2020-12-01,86338,Tuesday
1804,C,11,2020-12-01T23:15:24-05:00[America/New_York],2020-12-01T23:15:35-05:00[America/New_York],Yes,2020-12-01,83724,Tuesday
1804,<A>,71,2020-12-01T23:15:35-05:00[America/New_York],2020-12-01T23:16:46-05:00[America/New_York],NA,2020-12-01,83735,Tuesday
1804,C,15,2020-12-01T23:16:46-05:00[America/New_York],2020-12-01T23:17:01-05:00[America/New_York],Yes,2020-12-01,83806,Tuesday
1804,<A>,30,2020-12-01T23:17:01-05:00[America/New_York],2020-12-01T23:17:31-05:00[America/New_York],Yes,2020-12-01,83821,Tuesday
1804,B,16,2020-12-01T23:17:31-05:00[America/New_York],2020-12-01T23:17:47-05:00[America/New_York],Yes,2020-12-01,83851,Tuesday
1804,<A>,105,2020-12-01T23:17:47-05:00[America/New_York],2020-12-01T23:19:32-05:00[America/New_York],NA,2020-12-01,83867,Tuesday
1804,B,15,2020-12-01T23:19:32-05:00[America/New_York],2020-12-01T23:19:47-05:00[America/New_York],Yes,2020-12-01,83972,Tuesday
1804,<A>,39,2020-12-01T23:19:47-05:00[America/New_York],2020-12-01T23:20:26-05:00[America/New_York],Yes,2020-12-01,83987,Tuesday
1804,C,15,2020-12-01T23:20:26-05:00[America/New_York],2020-12-01T23:20:41-05:00[America/New_York],Yes,2020-12-01,84026,Tuesday
1804,<A>,114,2020-12-01T23:20:41-05:00[America/New_York],2020-12-01T23:22:35-05:00[America/New_York],Yes,2020-12-01,84041,Tuesday
1804,B,15,2020-12-01T23:22:35-05:00[America/New_York],2020-12-01T23:22:50-05:00[America/New_York],Yes,2020-12-01,84155,Tuesday
1804,<A>,31,2020-12-01T23:22:50-05:00[America/New_York],2020-12-01T23:23:21-05:00[America/New_York],Yes,2020-12-01,84170,Tuesday
1804,B,15,2020-12-01T23:23:21-05:00[America/New_York],2020-12-01T23:23:36-05:00[America/New_York],Yes,2020-12-01,84201,Tuesday
1804,<A>,236,2020-12-01T23:23:36-05:00[America/New_York],2020-12-01T23:27:32-05:00[America/New_York],Yes,2020-12-01,84216,Tuesday
1804,C,15,2020-12-01T23:27:32-05:00[America/New_York],2020-12-01T23:27:47-05:00[America/New_York],Yes,2020-12-01,84452,Tuesday
1804,<A>,74,2020-12-01T23:27:47-05:00[America/New_York],2020-12-01T23:29:01-05:00[America/New_York],Yes,2020-12-01,84467,Tuesday
1804,C,15,2020-12-01T23:29:01-05:00[America/New_York],2020-12-01T23:29:16-05:00[America/New_York],Yes,2020-12-01,84541,Tuesday
1804,<A>,34,2020-12-01T23:29:16-05:00[America/New_York],2020-12-01T23:29:50-05:00[America/New_York],Yes,2020-12-01,84556,Tuesday
1804,B,15,2020-12-01T23:29:50-05:00[America/New_York],2020-12-01T23:30:05-05:00[America/New_York],Yes,2020-12-01,84590,Tuesday
1804,<A>,212,2020-12-01T23:30:05-05:00[America/New_York],2020-12-01T23:33:37-05:00[America/New_York],Yes,2020-12-01,84605,Tuesday
1804,B,15,2020-12-01T23:33:37-05:00[America/New_York],2020-12-01T23:33:52-05:00[America/New_York],Yes,2020-12-01,84817,Tuesday
1804,<A>,33,2020-12-01T23:33:52-05:00[America/New_York],2020-12-01T23:34:25-05:00[America/New_York],Yes,2020-12-01,84832,Tuesday
1804,C,16,2020-12-01T23:34:25-05:00[America/New_York],2020-12-01T23:34:41-05:00[America/New_York],Yes,2020-12-01,84865,Tuesday
1804,<A>,31,2020-12-01T23:34:41-05:00[America/New_York],2020-12-01T23:35:12-05:00[America/New_York],Yes,2020-12-01,84881,Tuesday
1804,C,15,2020-12-01T23:35:12-05:00[America/New_York],2020-12-01T23:35:27-05:00[America/New_York],Yes,2020-12-01,84912,Tuesday
1804,<A>,56,2020-12-01T23:35:27-05:00[America/New_York],2020-12-01T23:36:23-05:00[America/New_York],Yes,2020-12-01,84927,Tuesday
1804,B,18,2020-12-01T23:36:23-05:00[America/New_York],2020-12-01T23:36:41-05:00[America/New_York],Yes,2020-12-01,84983,Tuesday
1804,<A>,47,2020-12-01T23:36:41-05:00[America/New_York],2020-12-01T23:37:28-05:00[America/New_York],Yes,2020-12-01,85001,Tuesday
1804,B,15,2020-12-01T23:37:28-05:00[America/New_York],2020-12-01T23:37:43-05:00[America/New_York],Yes,2020-12-01,85048,Tuesday
1804,C,15,2020-12-01T23:37:43-05:00[America/New_York],2020-12-01T23:37:58-05:00[America/New_York],Yes,2020-12-01,85063,Tuesday
1804,<A>,81,2020-12-01T23:37:58-05:00[America/New_York],2020-12-01T23:39:19-05:00[America/New_York],NA,2020-12-01,85078,Tuesday
1804,C,15,2020-12-01T23:39:19-05:00[America/New_York],2020-12-01T23:39:34-05:00[America/New_York],Yes,2020-12-01,85159,Tuesday
1804,<A>,35,2020-12-01T23:39:34-05:00[America/New_York],2020-12-01T23:40:09-05:00[America/New_York],Yes,2020-12-01,85174,Tuesday
1804,B,16,2020-12-01T23:40:09-05:00[America/New_York],2020-12-01T23:40:25-05:00[America/New_York],Yes,2020-12-01,85209,Tuesday
1804,<A>,203,2020-12-01T23:40:25-05:00[America/New_York],2020-12-01T23:43:48-05:00[America/New_York],Yes,2020-12-01,85225,Tuesday
1804,C,15,2020-12-01T23:43:48-05:00[America/New_York],2020-12-01T23:44:03-05:00[America/New_York],Yes,2020-12-01,85428,Tuesday
1804,<A>,57,2020-12-01T23:44:03-05:00[America/New_York],2020-12-01T23:45:00-05:00[America/New_York],Yes,2020-12-01,85443,Tuesday
1804,C,15,2020-12-01T23:45:00-05:00[America/New_York],2020-12-01T23:45:15-05:00[America/New_York],Yes,2020-12-01,85500,Tuesday
1804,<A>,30,2020-12-01T23:45:15-05:00[America/New_York],2020-12-01T23:45:45-05:00[America/New_York],Yes,2020-12-01,85515,Tuesday
1804,C,16,2020-12-01T23:45:45-05:00[America/New_York],2020-12-01T23:46:01-05:00[America/New_York],Yes,2020-12-01,85545,Tuesday
1804,<A>,142,2020-12-01T23:46:01-05:00[America/New_York],2020-12-01T23:48:23-05:00[America/New_York],Yes,2020-12-01,85561,Tuesday
1804,B,15,2020-12-01T23:48:23-05:00[America/New_York],2020-12-01T23:48:38-05:00[America/New_York],Yes,2020-12-01,85703,Tuesday
1804,<A>,205,2020-12-01T23:48:38-05:00[America/New_York],2020-12-01T23:52:03-05:00[America/New_York],Yes,2020-12-01,85718,Tuesday
1804,B,16,2020-12-01T23:52:03-05:00[America/New_York],2020-12-01T23:52:19-05:00[America/New_York],NA,2020-12-01,85923,Tuesday
1804,C,15,2020-12-01T23:52:19-05:00[America/New_York],2020-12-01T23:52:34-05:00[America/New_York],Yes,2020-12-01,85939,Tuesday
1804,<A>,35,2020-12-01T23:52:34-05:00[America/New_York],2020-12-01T23:53:09-05:00[America/New_York],Yes,2020-12-01,85954,Tuesday
1804,B,20,2020-12-01T23:53:09-05:00[America/New_York],2020-12-01T23:53:29-05:00[America/New_York],Yes,2020-12-01,85989,Tuesday
1804,<A>,210,2020-12-01T23:53:29-05:00[America/New_York],2020-12-01T23:56:59-05:00[America/New_York],Yes,2020-12-01,86009,Tuesday
1804,C,15,2020-12-01T23:56:59-05:00[America/New_York],2020-12-01T23:57:14-05:00[America/New_York],Yes,2020-12-01,86219,Tuesday
1804,<A>,164,2020-12-01T23:57:14-05:00[America/New_York],2020-12-01T23:59:58-05:00[America/New_York],NA,2020-12-01,86234,Tuesday
1805,<A>,183,2020-12-01T23:15:23-05:00[America/New_York],2020-12-01T23:18:26-05:00[America/New_York],NA,2020-12-01,83723,Tuesday
1805,B,14,2020-12-01T23:18:26-05:00[America/New_York],2020-12-01T23:18:40-05:00[America/New_York],Yes,2020-12-01,83906,Tuesday
1805,<A>,147,2020-12-01T23:18:40-05:00[America/New_York],2020-12-01T23:21:07-05:00[America/New_York],Yes,2020-12-01,83920,Tuesday
1805,B,14,2020-12-01T23:21:07-05:00[America/New_York],2020-12-01T23:21:21-05:00[America/New_York],Yes,2020-12-01,84067,Tuesday
1805,<A>,34,2020-12-01T23:21:21-05:00[America/New_York],2020-12-01T23:21:55-05:00[America/New_York],Yes,2020-12-01,84081,Tuesday
1805,B,15,2020-12-01T23:21:55-05:00[America/New_York],2020-12-01T23:22:10-05:00[America/New_York],Yes,2020-12-01,84115,Tuesday
1805,<A>,36,2020-12-01T23:22:10-05:00[America/New_York],2020-12-01T23:22:46-05:00[America/New_York],Yes,2020-12-01,84130,Tuesday
1805,B,14,2020-12-01T23:22:46-05:00[America/New_York],2020-12-01T23:23:00-05:00[America/New_York],Yes,2020-12-01,84166,Tuesday
1805,<A>,65,2020-12-01T23:23:00-05:00[America/New_York],2020-12-01T23:24:05-05:00[America/New_York],Yes,2020-12-01,84180,Tuesday
1805,B,14,2020-12-01T23:24:05-05:00[America/New_York],2020-12-01T23:24:19-05:00[America/New_York],Yes,2020-12-01,84245,Tuesday
1805,<A>,138,2020-12-01T23:24:19-05:00[America/New_York],2020-12-01T23:26:37-05:00[America/New_York],Yes,2020-12-01,84259,Tuesday
1805,B,16,2020-12-01T23:26:37-05:00[America/New_York],2020-12-01T23:26:53-05:00[America/New_York],Yes,2020-12-01,84397,Tuesday
1805,<A>,146,2020-12-01T23:26:53-05:00[America/New_York],2020-12-01T23:29:19-05:00[America/New_York],Yes,2020-12-01,84413,Tuesday
1805,B,14,2020-12-01T23:29:19-05:00[America/New_York],2020-12-01T23:29:33-05:00[America/New_York],Yes,2020-12-01,84559,Tuesday
1805,<A>,161,2020-12-01T23:29:33-05:00[America/New_York],2020-12-01T23:32:14-05:00[America/New_York],Yes,2020-12-01,84573,Tuesday
1805,B,14,2020-12-01T23:32:14-05:00[America/New_York],2020-12-01T23:32:28-05:00[America/New_York],Yes,2020-12-01,84734,Tuesday
1805,<A>,34,2020-12-01T23:32:28-05:00[America/New_York],2020-12-01T23:33:02-05:00[America/New_York],Yes,2020-12-01,84748,Tuesday
1805,B,16,2020-12-01T23:33:02-05:00[America/New_York],2020-12-01T23:33:18-05:00[America/New_York],Yes,2020-12-01,84782,Tuesday
1805,<A>,263,2020-12-01T23:33:18-05:00[America/New_York],2020-12-01T23:37:41-05:00[America/New_York],NA,2020-12-01,84798,Tuesday
1805,B,14,2020-12-01T23:37:41-05:00[America/New_York],2020-12-01T23:37:55-05:00[America/New_York],Yes,2020-12-01,85061,Tuesday
1805,<A>,71,2020-12-01T23:37:55-05:00[America/New_York],2020-12-01T23:39:06-05:00[America/New_York],Yes,2020-12-01,85075,Tuesday
1805,B,17,2020-12-01T23:39:06-05:00[America/New_York],2020-12-01T23:39:23-05:00[America/New_York],Yes,2020-12-01,85146,Tuesday
1805,<A>,107,2020-12-01T23:39:23-05:00[America/New_York],2020-12-01T23:41:10-05:00[America/New_York],Yes,2020-12-01,85163,Tuesday
1805,B,14,2020-12-01T23:41:10-05:00[America/New_York],2020-12-01T23:41:24-05:00[America/New_York],Yes,2020-12-01,85270,Tuesday
1805,<A>,266,2020-12-01T23:41:24-05:00[America/New_York],2020-12-01T23:45:50-05:00[America/New_York],NA,2020-12-01,85284,Tuesday
1805,B,16,2020-12-01T23:45:50-05:00[America/New_York],2020-12-01T23:46:06-05:00[America/New_York],Yes,2020-12-01,85550,Tuesday
1805,<A>,34,2020-12-01T23:46:06-05:00[America/New_York],2020-12-01T23:46:40-05:00[America/New_York],Yes,2020-12-01,85566,Tuesday
1805,B,19,2020-12-01T23:46:40-05:00[America/New_York],2020-12-01T23:46:59-05:00[America/New_York],Yes,2020-12-01,85600,Tuesday
1805,<A>,40,2020-12-01T23:46:59-05:00[America/New_York],2020-12-01T23:47:39-05:00[America/New_York],Yes,2020-12-01,85619,Tuesday
1805,B,14,2020-12-01T23:47:39-05:00[America/New_York],2020-12-01T23:47:53-05:00[America/New_York],Yes,2020-12-01,85659,Tuesday
1805,<A>,77,2020-12-01T23:47:53-05:00[America/New_York],2020-12-01T23:49:10-05:00[America/New_York],NA,2020-12-01,85673,Tuesday
1805,B,15,2020-12-01T23:49:10-05:00[America/New_York],2020-12-01T23:49:25-05:00[America/New_York],Yes,2020-12-01,85750,Tuesday
1805,<A>,38,2020-12-01T23:49:25-05:00[America/New_York],2020-12-01T23:50:03-05:00[America/New_York],Yes,2020-12-01,85765,Tuesday
1805,B,15,2020-12-01T23:50:03-05:00[America/New_York],2020-12-01T23:50:18-05:00[America/New_York],Yes,2020-12-01,85803,Tuesday
1805,<A>,35,2020-12-01T23:50:18-05:00[America/New_York],2020-12-01T23:50:53-05:00[America/New_York],Yes,2020-12-01,85818,Tuesday
1805,B,14,2020-12-01T23:50:53-05:00[America/New_York],2020-12-01T23:51:07-05:00[America/New_York],Yes,2020-12-01,85853,Tuesday
1805,<A>,37,2020-12-01T23:51:07-05:00[America/New_York],2020-12-01T23:51:44-05:00[America/New_York],Yes,2020-12-01,85867,Tuesday
1805,B,16,2020-12-01T23:51:44-05:00[America/New_York],2020-12-01T23:52:00-05:00[America/New_York],Yes,2020-12-01,85904,Tuesday
1805,<A>,34,2020-12-01T23:52:00-05:00[America/New_York],2020-12-01T23:52:34-05:00[America/New_York],Yes,2020-12-01,85920,Tuesday
1805,B,15,2020-12-01T23:52:34-05:00[America/New_York],2020-12-01T23:52:49-05:00[America/New_York],Yes,2020-12-01,85954,Tuesday
1805,<A>,34,2020-12-01T23:52:49-05:00[America/New_York],2020-12-01T23:53:23-05:00[America/New_York],Yes,2020-12-01,85969,Tuesday
1805,B,14,2020-12-01T23:53:23-05:00[America/New_York],2020-12-01T23:53:37-05:00[America/New_York],Yes,2020-12-01,86003,Tuesday
1805,<A>,72,2020-12-01T23:53:37-05:00[America/New_York],2020-12-01T23:54:49-05:00[America/New_York],NA,2020-12-01,86017,Tuesday
1805,B,14,2020-12-01T23:54:49-05:00[America/New_York],2020-12-01T23:55:03-05:00[America/New_York],Yes,2020-12-01,86089,Tuesday
1805,<A>,295,2020-12-01T23:55:03-05:00[America/New_York],2020-12-01T23:59:58-05:00[America/New_York],NA,2020-12-01,86103,Tuesday
1806,<A>,552,2020-12-01T23:15:32-05:00[America/New_York],2020-12-01T23:24:44-05:00[America/New_York],NA,2020-12-01,83732,Tuesday
1806,B,13,2020-12-01T23:24:44-05:00[America/New_York],2020-12-01T23:24:57-05:00[America/New_York],Yes,2020-12-01,84284,Tuesday
1806,<A>,82,2020-12-01T23:24:57-05:00[America/New_York],2020-12-01T23:26:19-05:00[America/New_York],NA,2020-12-01,84297,Tuesday
1806,B,13,2020-12-01T23:26:19-05:00[America/New_York],2020-12-01T23:26:32-05:00[America/New_York],Yes,2020-12-01,84379,Tuesday
1806,<A>,82,2020-12-01T23:26:32-05:00[America/New_York],2020-12-01T23:27:54-05:00[America/New_York],NA,2020-12-01,84392,Tuesday
1806,B,13,2020-12-01T23:27:54-05:00[America/New_York],2020-12-01T23:28:07-05:00[America/New_York],Yes,2020-12-01,84474,Tuesday
1806,<A>,174,2020-12-01T23:28:07-05:00[America/New_York],2020-12-01T23:31:01-05:00[America/New_York],NA,2020-12-01,84487,Tuesday
1806,B,13,2020-12-01T23:31:01-05:00[America/New_York],2020-12-01T23:31:14-05:00[America/New_York],Yes,2020-12-01,84661,Tuesday
1806,<A>,383,2020-12-01T23:31:14-05:00[America/New_York],2020-12-01T23:37:37-05:00[America/New_York],NA,2020-12-01,84674,Tuesday
1806,B,13,2020-12-01T23:37:37-05:00[America/New_York],2020-12-01T23:37:50-05:00[America/New_York],Yes,2020-12-01,85057,Tuesday
1806,<A>,97,2020-12-01T23:37:50-05:00[America/New_York],2020-12-01T23:39:27-05:00[America/New_York],NA,2020-12-01,85070,Tuesday
1806,B,15,2020-12-01T23:39:27-05:00[America/New_York],2020-12-01T23:39:42-05:00[America/New_York],Yes,2020-12-01,85167,Tuesday
1806,<A>,148,2020-12-01T23:39:42-05:00[America/New_York],2020-12-01T23:42:10-05:00[America/New_York],Yes,2020-12-01,85182,Tuesday
1806,B,13,2020-12-01T23:42:10-05:00[America/New_York],2020-12-01T23:42:23-05:00[America/New_York],Yes,2020-12-01,85330,Tuesday
1806,<A>,193,2020-12-01T23:42:23-05:00[America/New_York],2020-12-01T23:45:36-05:00[America/New_York],NA,2020-12-01,85343,Tuesday
1806,B,13,2020-12-01T23:45:36-05:00[America/New_York],2020-12-01T23:45:49-05:00[America/New_York],Yes,2020-12-01,85536,Tuesday
1806,<A>,273,2020-12-01T23:45:49-05:00[America/New_York],2020-12-01T23:50:22-05:00[America/New_York],NA,2020-12-01,85549,Tuesday
1806,B,13,2020-12-01T23:50:22-05:00[America/New_York],2020-12-01T23:50:35-05:00[America/New_York],Yes,2020-12-01,85822,Tuesday
1806,<A>,386,2020-12-01T23:50:35-05:00[America/New_York],2020-12-01T23:57:01-05:00[America/New_York],NA,2020-12-01,85835,Tuesday
1806,B,13,2020-12-01T23:57:01-05:00[America/New_York],2020-12-01T23:57:14-05:00[America/New_York],Yes,2020-12-01,86221,Tuesday
1806,<A>,164,2020-12-01T23:57:14-05:00[America/New_York],2020-12-01T23:59:58-05:00[America/New_York],NA,2020-12-01,86234,Tuesday
1807,<A>,9,2020-12-01T23:15:34-05:00[America/New_York],2020-12-01T23:15:43-05:00[America/New_York],Yes,2020-12-01,83734,Tuesday
1807,B,10,2020-12-01T23:15:43-05:00[America/New_York],2020-12-01T23:15:53-05:00[America/New_York],Yes,2020-12-01,83743,Tuesday
1807,C,16,2020-12-01T23:15:53-05:00[America/New_York],2020-12-01T23:16:09-05:00[America/New_York],Yes,2020-12-01,83753,Tuesday
1807,<A>,78,2020-12-01T23:16:09-05:00[America/New_York],2020-12-01T23:17:27-05:00[America/New_York],NA,2020-12-01,83769,Tuesday
1807,B,9,2020-12-01T23:17:27-05:00[America/New_York],2020-12-01T23:17:36-05:00[America/New_York],Yes,2020-12-01,83847,Tuesday
1807,C,16,2020-12-01T23:17:36-05:00[America/New_York],2020-12-01T23:17:52-05:00[America/New_York],Yes,2020-12-01,83856,Tuesday
1807,<A>,108,2020-12-01T23:17:52-05:00[America/New_York],2020-12-01T23:19:40-05:00[America/New_York],NA,2020-12-01,83872,Tuesday
1807,C,16,2020-12-01T23:19:40-05:00[America/New_York],2020-12-01T23:19:56-05:00[America/New_York],Yes,2020-12-01,83980,Tuesday
1807,<A>,80,2020-12-01T23:19:56-05:00[America/New_York],2020-12-01T23:21:16-05:00[America/New_York],NA,2020-12-01,83996,Tuesday
1807,C,15,2020-12-01T23:21:16-05:00[America/New_York],2020-12-01T23:21:31-05:00[America/New_York],Yes,2020-12-01,84076,Tuesday
1807,<A>,145,2020-12-01T23:21:31-05:00[America/New_York],2020-12-01T23:23:56-05:00[America/New_York],Yes,2020-12-01,84091,Tuesday
1807,C,16,2020-12-01T23:23:56-05:00[America/New_York],2020-12-01T23:24:12-05:00[America/New_York],Yes,2020-12-01,84236,Tuesday
1807,<A>,90,2020-12-01T23:24:12-05:00[America/New_York],2020-12-01T23:25:42-05:00[America/New_York],Yes,2020-12-01,84252,Tuesday
1807,C,15,2020-12-01T23:25:42-05:00[America/New_York],2020-12-01T23:25:57-05:00[America/New_York],Yes,2020-12-01,84342,Tuesday
1807,<A>,140,2020-12-01T23:25:57-05:00[America/New_York],2020-12-01T23:28:17-05:00[America/New_York],Yes,2020-12-01,84357,Tuesday
1807,C,15,2020-12-01T23:28:17-05:00[America/New_York],2020-12-01T23:28:32-05:00[America/New_York],Yes,2020-12-01,84497,Tuesday
1807,<A>,236,2020-12-01T23:28:32-05:00[America/New_York],2020-12-01T23:32:28-05:00[America/New_York],Yes,2020-12-01,84512,Tuesday
1807,C,15,2020-12-01T23:32:28-05:00[America/New_York],2020-12-01T23:32:43-05:00[America/New_York],Yes,2020-12-01,84748,Tuesday
1807,<A>,89,2020-12-01T23:32:43-05:00[America/New_York],2020-12-01T23:34:12-05:00[America/New_York],NA,2020-12-01,84763,Tuesday
1807,C,16,2020-12-01T23:34:12-05:00[America/New_York],2020-12-01T23:34:28-05:00[America/New_York],Yes,2020-12-01,84852,Tuesday
1807,<A>,53,2020-12-01T23:34:28-05:00[America/New_York],2020-12-01T23:35:21-05:00[America/New_York],Yes,2020-12-01,84868,Tuesday
1807,B,9,2020-12-01T23:35:21-05:00[America/New_York],2020-12-01T23:35:30-05:00[America/New_York],Yes,2020-12-01,84921,Tuesday
1807,C,16,2020-12-01T23:35:30-05:00[America/New_York],2020-12-01T23:35:46-05:00[America/New_York],Yes,2020-12-01,84930,Tuesday
1807,<A>,175,2020-12-01T23:35:46-05:00[America/New_York],2020-12-01T23:38:41-05:00[America/New_York],NA,2020-12-01,84946,Tuesday
1807,B,11,2020-12-01T23:38:41-05:00[America/New_York],2020-12-01T23:38:52-05:00[America/New_York],Yes,2020-12-01,85121,Tuesday
1807,C,16,2020-12-01T23:38:52-05:00[America/New_York],2020-12-01T23:39:08-05:00[America/New_York],Yes,2020-12-01,85132,Tuesday
1807,<A>,74,2020-12-01T23:39:08-05:00[America/New_York],2020-12-01T23:40:22-05:00[America/New_York],NA,2020-12-01,85148,Tuesday
1807,B,9,2020-12-01T23:40:22-05:00[America/New_York],2020-12-01T23:40:31-05:00[America/New_York],Yes,2020-12-01,85222,Tuesday
1807,C,16,2020-12-01T23:40:31-05:00[America/New_York],2020-12-01T23:40:47-05:00[America/New_York],Yes,2020-12-01,85231,Tuesday
1807,<A>,144,2020-12-01T23:40:47-05:00[America/New_York],2020-12-01T23:43:11-05:00[America/New_York],Yes,2020-12-01,85247,Tuesday
1807,C,15,2020-12-01T23:43:11-05:00[America/New_York],2020-12-01T23:43:26-05:00[America/New_York],Yes,2020-12-01,85391,Tuesday
1807,<A>,52,2020-12-01T23:43:26-05:00[America/New_York],2020-12-01T23:44:18-05:00[America/New_York],Yes,2020-12-01,85406,Tuesday
1807,C,15,2020-12-01T23:44:18-05:00[America/New_York],2020-12-01T23:44:33-05:00[America/New_York],Yes,2020-12-01,85458,Tuesday
1807,<A>,106,2020-12-01T23:44:33-05:00[America/New_York],2020-12-01T23:46:19-05:00[America/New_York],NA,2020-12-01,85473,Tuesday
1807,C,15,2020-12-01T23:46:19-05:00[America/New_York],2020-12-01T23:46:34-05:00[America/New_York],Yes,2020-12-01,85579,Tuesday
1807,<A>,93,2020-12-01T23:46:34-05:00[America/New_York],2020-12-01T23:48:07-05:00[America/New_York],NA,2020-12-01,85594,Tuesday
1807,B,9,2020-12-01T23:48:07-05:00[America/New_York],2020-12-01T23:48:16-05:00[America/New_York],Yes,2020-12-01,85687,Tuesday
1807,C,16,2020-12-01T23:48:16-05:00[America/New_York],2020-12-01T23:48:32-05:00[America/New_York],Yes,2020-12-01,85696,Tuesday
1807,<A>,123,2020-12-01T23:48:32-05:00[America/New_York],2020-12-01T23:50:35-05:00[America/New_York],NA,2020-12-01,85712,Tuesday
1807,C,15,2020-12-01T23:50:35-05:00[America/New_York],2020-12-01T23:50:50-05:00[America/New_York],Yes,2020-12-01,85835,Tuesday
1807,<A>,55,2020-12-01T23:50:50-05:00[America/New_York],2020-12-01T23:51:45-05:00[America/New_York],Yes,2020-12-01,85850,Tuesday
1807,C,15,2020-12-01T23:51:45-05:00[America/New_York],2020-12-01T23:52:00-05:00[America/New_York],Yes,2020-12-01,85905,Tuesday
1807,<A>,243,2020-12-01T23:52:00-05:00[America/New_York],2020-12-01T23:56:03-05:00[America/New_York],Yes,2020-12-01,85920,Tuesday
1807,C,15,2020-12-01T23:56:03-05:00[America/New_York],2020-12-01T23:56:18-05:00[America/New_York],Yes,2020-12-01,86163,Tuesday
1807,<A>,90,2020-12-01T23:56:18-05:00[America/New_York],2020-12-01T23:57:48-05:00[America/New_York],NA,2020-12-01,86178,Tuesday
1807,C,15,2020-12-01T23:57:48-05:00[America/New_York],2020-12-01T23:58:03-05:00[America/New_York],Yes,2020-12-01,86268,Tuesday
1807,<A>,115,2020-12-01T23:58:03-05:00[America/New_York],2020-12-01T23:59:58-05:00[America/New_York],NA,2020-12-01,86283,Tuesday
1808,<A>,14,2020-12-01T23:15:42-05:00[America/New_York],2020-12-01T23:15:56-05:00[America/New_York],Yes,2020-12-01,83742,Tuesday
1808,B,9,2020-12-01T23:15:56-05:00[America/New_York],2020-12-01T23:16:05-05:00[America/New_York],Yes,2020-12-01,83756,Tuesday
1808,C,24,2020-12-01T23:16:05-05:00[America/New_York],2020-12-01T23:16:29-05:00[America/New_York],Yes,2020-12-01,83765,Tuesday
1808,<A>,64,2020-12-01T23:16:29-05:00[America/New_York],2020-12-01T23:17:33-05:00[America/New_York],NA,2020-12-01,83789,Tuesday
1808,C,25,2020-12-01T23:17:33-05:00[America/New_York],2020-12-01T23:17:58-05:00[America/New_York],Yes,2020-12-01,83853,Tuesday
1808,<A>,77,2020-12-01T23:17:58-05:00[America/New_York],2020-12-01T23:19:15-05:00[America/New_York],NA,2020-12-01,83878,Tuesday
1808,C,22,2020-12-01T23:19:15-05:00[America/New_York],2020-12-01T23:19:37-05:00[America/New_York],Yes,2020-12-01,83955,Tuesday
1808,<A>,86,2020-12-01T23:19:37-05:00[America/New_York],2020-12-01T23:21:03-05:00[America/New_York],NA,2020-12-01,83977,Tuesday
1808,C,22,2020-12-01T23:21:03-05:00[America/New_York],2020-12-01T23:21:25-05:00[America/New_York],Yes,2020-12-01,84063,Tuesday
1808,<A>,42,2020-12-01T23:21:25-05:00[America/New_York],2020-12-01T23:22:07-05:00[America/New_York],Yes,2020-12-01,84085,Tuesday
1808,C,28,2020-12-01T23:22:07-05:00[America/New_York],2020-12-01T23:22:35-05:00[America/New_York],Yes,2020-12-01,84127,Tuesday
1808,<A>,40,2020-12-01T23:22:35-05:00[America/New_York],2020-12-01T23:23:15-05:00[America/New_York],Yes,2020-12-01,84155,Tuesday
1808,B,9,2020-12-01T23:23:15-05:00[America/New_York],2020-12-01T23:23:24-05:00[America/New_York],Yes,2020-12-01,84195,Tuesday
1808,C,27,2020-12-01T23:23:24-05:00[America/New_York],2020-12-01T23:23:51-05:00[America/New_York],Yes,2020-12-01,84204,Tuesday
1808,<A>,70,2020-12-01T23:23:51-05:00[America/New_York],2020-12-01T23:25:01-05:00[America/New_York],NA,2020-12-01,84231,Tuesday
1808,C,23,2020-12-01T23:25:01-05:00[America/New_York],2020-12-01T23:25:24-05:00[America/New_York],Yes,2020-12-01,84301,Tuesday
1808,<A>,64,2020-12-01T23:25:24-05:00[America/New_York],2020-12-01T23:26:28-05:00[America/New_York],Yes,2020-12-01,84324,Tuesday
1808,C,26,2020-12-01T23:26:28-05:00[America/New_York],2020-12-01T23:26:54-05:00[America/New_York],Yes,2020-12-01,84388,Tuesday
1808,<A>,70,2020-12-01T23:26:54-05:00[America/New_York],2020-12-01T23:28:04-05:00[America/New_York],Yes,2020-12-01,84414,Tuesday
1808,B,9,2020-12-01T23:28:04-05:00[America/New_York],2020-12-01T23:28:13-05:00[America/New_York],Yes,2020-12-01,84484,Tuesday
1808,C,23,2020-12-01T23:28:13-05:00[America/New_York],2020-12-01T23:28:36-05:00[America/New_York],Yes,2020-12-01,84493,Tuesday
1808,<A>,75,2020-12-01T23:28:36-05:00[America/New_York],2020-12-01T23:29:51-05:00[America/New_York],NA,2020-12-01,84516,Tuesday
1808,C,33,2020-12-01T23:29:51-05:00[America/New_York],2020-12-01T23:30:24-05:00[America/New_York],Yes,2020-12-01,84591,Tuesday
1808,<A>,62,2020-12-01T23:30:24-05:00[America/New_York],2020-12-01T23:31:26-05:00[America/New_York],NA,2020-12-01,84624,Tuesday
1808,B,9,2020-12-01T23:31:26-05:00[America/New_York],2020-12-01T23:31:35-05:00[America/New_York],Yes,2020-12-01,84686,Tuesday
1808,C,30,2020-12-01T23:31:35-05:00[America/New_York],2020-12-01T23:32:05-05:00[America/New_York],Yes,2020-12-01,84695,Tuesday
1808,<A>,69,2020-12-01T23:32:05-05:00[America/New_York],2020-12-01T23:33:14-05:00[America/New_York],NA,2020-12-01,84725,Tuesday
1808,C,22,2020-12-01T23:33:14-05:00[America/New_York],2020-12-01T23:33:36-05:00[America/New_York],Yes,2020-12-01,84794,Tuesday
1808,<A>,185,2020-12-01T23:33:36-05:00[America/New_York],2020-12-01T23:36:41-05:00[America/New_York],NA,2020-12-01,84816,Tuesday
1808,C,22,2020-12-01T23:36:41-05:00[America/New_York],2020-12-01T23:37:03-05:00[America/New_York],Yes,2020-12-01,85001,Tuesday
1808,<A>,79,2020-12-01T23:37:03-05:00[America/New_York],2020-12-01T23:38:22-05:00[America/New_York],NA,2020-12-01,85023,Tuesday
1808,C,25,2020-12-01T23:38:22-05:00[America/New_York],2020-12-01T23:38:47-05:00[America/New_York],Yes,2020-12-01,85102,Tuesday
1808,<A>,69,2020-12-01T23:38:47-05:00[America/New_York],2020-12-01T23:39:56-05:00[America/New_York],NA,2020-12-01,85127,Tuesday
1808,C,25,2020-12-01T23:39:56-05:00[America/New_York],2020-12-01T23:40:21-05:00[America/New_York],Yes,2020-12-01,85196,Tuesday
1808,<A>,43,2020-12-01T23:40:21-05:00[America/New_York],2020-12-01T23:41:04-05:00[America/New_York],Yes,2020-12-01,85221,Tuesday
1808,B,11,2020-12-01T23:41:04-05:00[America/New_York],2020-12-01T23:41:15-05:00[America/New_York],Yes,2020-12-01,85264,Tuesday
1808,C,28,2020-12-01T23:41:15-05:00[America/New_York],2020-12-01T23:41:43-05:00[America/New_York],Yes,2020-12-01,85275,Tuesday
1808,<A>,86,2020-12-01T23:41:43-05:00[America/New_York],2020-12-01T23:43:09-05:00[America/New_York],NA,2020-12-01,85303,Tuesday
1808,B,9,2020-12-01T23:43:09-05:00[America/New_York],2020-12-01T23:43:18-05:00[America/New_York],Yes,2020-12-01,85389,Tuesday
1808,C,32,2020-12-01T23:43:18-05:00[America/New_York],2020-12-01T23:43:50-05:00[America/New_York],Yes,2020-12-01,85398,Tuesday
1808,<A>,127,2020-12-01T23:43:50-05:00[America/New_York],2020-12-01T23:45:57-05:00[America/New_York],Yes,2020-12-01,85430,Tuesday
1808,C,30,2020-12-01T23:45:57-05:00[America/New_York],2020-12-01T23:46:27-05:00[America/New_York],Yes,2020-12-01,85557,Tuesday
1808,<A>,49,2020-12-01T23:46:27-05:00[America/New_York],2020-12-01T23:47:16-05:00[America/New_York],Yes,2020-12-01,85587,Tuesday
1808,C,26,2020-12-01T23:47:16-05:00[America/New_York],2020-12-01T23:47:42-05:00[America/New_York],Yes,2020-12-01,85636,Tuesday
1808,<A>,45,2020-12-01T23:47:42-05:00[America/New_York],2020-12-01T23:48:27-05:00[America/New_York],NA,2020-12-01,85662,Tuesday
1808,B,11,2020-12-01T23:48:27-05:00[America/New_York],2020-12-01T23:48:38-05:00[America/New_York],Yes,2020-12-01,85707,Tuesday
1808,C,30,2020-12-01T23:48:38-05:00[America/New_York],2020-12-01T23:49:08-05:00[America/New_York],Yes,2020-12-01,85718,Tuesday
1808,<A>,82,2020-12-01T23:49:08-05:00[America/New_York],2020-12-01T23:50:30-05:00[America/New_York],NA,2020-12-01,85748,Tuesday
1808,C,26,2020-12-01T23:50:30-05:00[America/New_York],2020-12-01T23:50:56-05:00[America/New_York],Yes,2020-12-01,85830,Tuesday
1808,<A>,61,2020-12-01T23:50:56-05:00[America/New_York],2020-12-01T23:51:57-05:00[America/New_York],Yes,2020-12-01,85856,Tuesday
1808,C,22,2020-12-01T23:51:57-05:00[America/New_York],2020-12-01T23:52:19-05:00[America/New_York],Yes,2020-12-01,85917,Tuesday
1808,<A>,69,2020-12-01T23:52:19-05:00[America/New_York],2020-12-01T23:53:28-05:00[America/New_York],Yes,2020-12-01,85939,Tuesday
1808,C,25,2020-12-01T23:53:28-05:00[America/New_York],2020-12-01T23:53:53-05:00[America/New_York],Yes,2020-12-01,86008,Tuesday
1808,<A>,42,2020-12-01T23:53:53-05:00[America/New_York],2020-12-01T23:54:35-05:00[America/New_York],Yes,2020-12-01,86033,Tuesday
1808,C,26,2020-12-01T23:54:35-05:00[America/New_York],2020-12-01T23:55:01-05:00[America/New_York],Yes,2020-12-01,86075,Tuesday
1808,<A>,41,2020-12-01T23:55:01-05:00[America/New_York],2020-12-01T23:55:42-05:00[America/New_York],Yes,2020-12-01,86101,Tuesday
1808,B,9,2020-12-01T23:55:42-05:00[America/New_York],2020-12-01T23:55:51-05:00[America/New_York],Yes,2020-12-01,86142,Tuesday
1808,C,23,2020-12-01T23:55:51-05:00[America/New_York],2020-12-01T23:56:14-05:00[America/New_York],Yes,2020-12-01,86151,Tuesday
1808,<A>,78,2020-12-01T23:56:14-05:00[America/New_York],2020-12-01T23:57:32-05:00[America/New_York],NA,2020-12-01,86174,Tuesday
1808,C,25,2020-12-01T23:57:32-05:00[America/New_York],2020-12-01T23:57:57-05:00[America/New_York],Yes,2020-12-01,86252,Tuesday
1808,<A>,62,2020-12-01T23:57:57-05:00[America/New_York],2020-12-01T23:58:59-05:00[America/New_York],Yes,2020-12-01,86277,Tuesday
1808,C,22,2020-12-01T23:58:59-05:00[America/New_York],2020-12-01T23:59:21-05:00[America/New_York],Yes,2020-12-01,86339,Tuesday
1808,<A>,37,2020-12-01T23:59:21-05:00[America/New_York],2020-12-01T23:59:58-05:00[America/New_York],NA,2020-12-01,86361,Tuesday
1809,<A>,180,2020-12-01T23:15:28-05:00[America/New_York],2020-12-01T23:18:28-05:00[America/New_York],NA,2020-12-01,83728,Tuesday
1809,B,14,2020-12-01T23:18:28-05:00[America/New_York],2020-12-01T23:18:42-05:00[America/New_York],Yes,2020-12-01,83908,Tuesday
1809,<A>,305,2020-12-01T23:18:42-05:00[America/New_York],2020-12-01T23:23:47-05:00[America/New_York],NA,2020-12-01,83922,Tuesday
1809,B,14,2020-12-01T23:23:47-05:00[America/New_York],2020-12-01T23:24:01-05:00[America/New_York],Yes,2020-12-01,84227,Tuesday
1809,<A>,81,2020-12-01T23:24:01-05:00[America/New_York],2020-12-01T23:25:22-05:00[America/New_York],NA,2020-12-01,84241,Tuesday
1809,B,16,2020-12-01T23:25:22-05:00[America/New_York],2020-12-01T23:25:38-05:00[America/New_York],Yes,2020-12-01,84322,Tuesday
1809,<A>,100,2020-12-01T23:25:38-05:00[America/New_York],2020-12-01T23:27:18-05:00[America/New_York],NA,2020-12-01,84338,Tuesday
1809,B,14,2020-12-01T23:27:18-05:00[America/New_York],2020-12-01T23:27:32-05:00[America/New_York],Yes,2020-12-01,84438,Tuesday
1809,<A>,52,2020-12-01T23:27:32-05:00[America/New_York],2020-12-01T23:28:24-05:00[America/New_York],Yes,2020-12-01,84452,Tuesday
1809,B,14,2020-12-01T23:28:24-05:00[America/New_York],2020-12-01T23:28:38-05:00[America/New_York],Yes,2020-12-01,84504,Tuesday
1809,<A>,45,2020-12-01T23:28:38-05:00[America/New_York],2020-12-01T23:29:23-05:00[America/New_York],Yes,2020-12-01,84518,Tuesday
1809,B,14,2020-12-01T23:29:23-05:00[America/New_York],2020-12-01T23:29:37-05:00[America/New_York],Yes,2020-12-01,84563,Tuesday
1809,<A>,306,2020-12-01T23:29:37-05:00[America/New_York],2020-12-01T23:34:43-05:00[America/New_York],NA,2020-12-01,84577,Tuesday
1809,B,14,2020-12-01T23:34:43-05:00[America/New_York],2020-12-01T23:34:57-05:00[America/New_York],Yes,2020-12-01,84883,Tuesday
1809,<A>,240,2020-12-01T23:34:57-05:00[America/New_York],2020-12-01T23:38:57-05:00[America/New_York],Yes,2020-12-01,84897,Tuesday
1809,B,14,2020-12-01T23:38:57-05:00[America/New_York],2020-12-01T23:39:11-05:00[America/New_York],Yes,2020-12-01,85137,Tuesday
1809,<A>,384,2020-12-01T23:39:11-05:00[America/New_York],2020-12-01T23:45:35-05:00[America/New_York],NA,2020-12-01,85151,Tuesday
1809,B,14,2020-12-01T23:45:35-05:00[America/New_York],2020-12-01T23:45:49-05:00[America/New_York],Yes,2020-12-01,85535,Tuesday
1809,<A>,176,2020-12-01T23:45:49-05:00[America/New_York],2020-12-01T23:48:45-05:00[America/New_York],NA,2020-12-01,85549,Tuesday
1809,B,14,2020-12-01T23:48:45-05:00[America/New_York],2020-12-01T23:48:59-05:00[America/New_York],Yes,2020-12-01,85725,Tuesday
1809,<A>,70,2020-12-01T23:48:59-05:00[America/New_York],2020-12-01T23:50:09-05:00[America/New_York],Yes,2020-12-01,85739,Tuesday
1809,B,14,2020-12-01T23:50:09-05:00[America/New_York],2020-12-01T23:50:23-05:00[America/New_York],Yes,2020-12-01,85809,Tuesday
1809,<A>,128,2020-12-01T23:50:23-05:00[America/New_York],2020-12-01T23:52:31-05:00[America/New_York],NA,2020-12-01,85823,Tuesday
1809,B,14,2020-12-01T23:52:31-05:00[America/New_York],2020-12-01T23:52:45-05:00[America/New_York],Yes,2020-12-01,85951,Tuesday
1809,<A>,68,2020-12-01T23:52:45-05:00[America/New_York],2020-12-01T23:53:53-05:00[America/New_York],Yes,2020-12-01,85965,Tuesday
1809,B,14,2020-12-01T23:53:53-05:00[America/New_York],2020-12-01T23:54:07-05:00[America/New_York],Yes,2020-12-01,86033,Tuesday
1809,<A>,351,2020-12-01T23:54:07-05:00[America/New_York],2020-12-01T23:59:58-05:00[America/New_York],NA,2020-12-01,86047,Tuesday
1810,<A>,13,2020-12-01T23:15:24-05:00[America/New_York],2020-12-01T23:15:37-05:00[America/New_York],Yes,2020-12-01,83724,Tuesday
1810,C,20,2020-12-01T23:15:37-05:00[America/New_York],2020-12-01T23:15:57-05:00[America/New_York],NA,2020-12-01,83737,Tuesday
1810,<A>,49,2020-12-01T23:15:57-05:00[America/New_York],2020-12-01T23:16:46-05:00[America/New_York],NA,2020-12-01,83757,Tuesday
1810,C,20,2020-12-01T23:16:46-05:00[America/New_York],2020-12-01T23:17:06-05:00[America/New_York],NA,2020-12-01,83806,Tuesday
1810,<A>,52,2020-12-01T23:17:06-05:00[America/New_York],2020-12-01T23:17:58-05:00[America/New_York],Yes,2020-12-01,83826,Tuesday
1810,C,20,2020-12-01T23:17:58-05:00[America/New_York],2020-12-01T23:18:18-05:00[America/New_York],NA,2020-12-01,83878,Tuesday
1810,<A>,56,2020-12-01T23:18:18-05:00[America/New_York],2020-12-01T23:19:14-05:00[America/New_York],Yes,2020-12-01,83898,Tuesday
1810,C,20,2020-12-01T23:19:14-05:00[America/New_York],2020-12-01T23:19:34-05:00[America/New_York],NA,2020-12-01,83954,Tuesday
1810,<A>,54,2020-12-01T23:19:34-05:00[America/New_York],2020-12-01T23:20:28-05:00[America/New_York],NA,2020-12-01,83974,Tuesday
1810,C,22,2020-12-01T23:20:28-05:00[America/New_York],2020-12-01T23:20:50-05:00[America/New_York],NA,2020-12-01,84028,Tuesday
1810,<A>,47,2020-12-01T23:20:50-05:00[America/New_York],2020-12-01T23:21:37-05:00[America/New_York],Yes,2020-12-01,84050,Tuesday
1810,C,22,2020-12-01T23:21:37-05:00[America/New_York],2020-12-01T23:21:59-05:00[America/New_York],NA,2020-12-01,84097,Tuesday
1810,<A>,58,2020-12-01T23:21:59-05:00[America/New_York],2020-12-01T23:22:57-05:00[America/New_York],NA,2020-12-01,84119,Tuesday
1810,C,22,2020-12-01T23:22:57-05:00[America/New_York],2020-12-01T23:23:19-05:00[America/New_York],NA,2020-12-01,84177,Tuesday
1810,<A>,59,2020-12-01T23:23:19-05:00[America/New_York],2020-12-01T23:24:18-05:00[America/New_York],Yes,2020-12-01,84199,Tuesday
1810,C,22,2020-12-01T23:24:18-05:00[America/New_York],2020-12-01T23:24:40-05:00[America/New_York],NA,2020-12-01,84258,Tuesday
1810,<A>,60,2020-12-01T23:24:40-05:00[America/New_York],2020-12-01T23:25:40-05:00[America/New_York],Yes,2020-12-01,84280,Tuesday
1810,C,22,2020-12-01T23:25:40-05:00[America/New_York],2020-12-01T23:26:02-05:00[America/New_York],NA,2020-12-01,84340,Tuesday
1810,<A>,48,2020-12-01T23:26:02-05:00[America/New_York],2020-12-01T23:26:50-05:00[America/New_York],Yes,2020-12-01,84362,Tuesday
1810,C,22,2020-12-01T23:26:50-05:00[America/New_York],2020-12-01T23:27:12-05:00[America/New_York],NA,2020-12-01,84410,Tuesday
1810,<A>,56,2020-12-01T23:27:12-05:00[America/New_York],2020-12-01T23:28:08-05:00[America/New_York],Yes,2020-12-01,84432,Tuesday
1810,C,22,2020-12-01T23:28:08-05:00[America/New_York],2020-12-01T23:28:30-05:00[America/New_York],NA,2020-12-01,84488,Tuesday
1810,<A>,55,2020-12-01T23:28:30-05:00[America/New_York],2020-12-01T23:29:25-05:00[America/New_York],Yes,2020-12-01,84510,Tuesday
1810,C,22,2020-12-01T23:29:25-05:00[America/New_York],2020-12-01T23:29:47-05:00[America/New_York],NA,2020-12-01,84565,Tuesday
1810,<A>,47,2020-12-01T23:29:47-05:00[America/New_York],2020-12-01T23:30:34-05:00[America/New_York],Yes,2020-12-01,84587,Tuesday
1810,C,22,2020-12-01T23:30:34-05:00[America/New_York],2020-12-01T23:30:56-05:00[America/New_York],NA,2020-12-01,84634,Tuesday
1810,<A>,48,2020-12-01T23:30:56-05:00[America/New_York],2020-12-01T23:31:44-05:00[America/New_York],Yes,2020-12-01,84656,Tuesday
1810,C,22,2020-12-01T23:31:44-05:00[America/New_York],2020-12-01T23:32:06-05:00[America/New_York],NA,2020-12-01,84704,Tuesday
1810,<A>,53,2020-12-01T23:32:06-05:00[America/New_York],2020-12-01T23:32:59-05:00[America/New_York],Yes,2020-12-01,84726,Tuesday
1810,C,22,2020-12-01T23:32:59-05:00[America/New_York],2020-12-01T23:33:21-05:00[America/New_York],NA,2020-12-01,84779,Tuesday
1810,<A>,50,2020-12-01T23:33:21-05:00[America/New_York],2020-12-01T23:34:11-05:00[America/New_York],Yes,2020-12-01,84801,Tuesday
1810,C,22,2020-12-01T23:34:11-05:00[America/New_York],2020-12-01T23:34:33-05:00[America/New_York],NA,2020-12-01,84851,Tuesday
1810,<A>,64,2020-12-01T23:34:33-05:00[America/New_York],2020-12-01T23:35:37-05:00[America/New_York],Yes,2020-12-01,84873,Tuesday
1810,B,16,2020-12-01T23:35:37-05:00[America/New_York],2020-12-01T23:35:53-05:00[America/New_York],NA,2020-12-01,84937,Tuesday
1810,C,22,2020-12-01T23:35:53-05:00[America/New_York],2020-12-01T23:36:15-05:00[America/New_York],NA,2020-12-01,84953,Tuesday
1810,<A>,58,2020-12-01T23:36:15-05:00[America/New_York],2020-12-01T23:37:13-05:00[America/New_York],NA,2020-12-01,84975,Tuesday
1810,C,22,2020-12-01T23:37:13-05:00[America/New_York],2020-12-01T23:37:35-05:00[America/New_York],NA,2020-12-01,85033,Tuesday
1810,<A>,55,2020-12-01T23:37:35-05:00[America/New_York],2020-12-01T23:38:30-05:00[America/New_York],Yes,2020-12-01,85055,Tuesday
1810,C,22,2020-12-01T23:38:30-05:00[America/New_York],2020-12-01T23:38:52-05:00[America/New_York],NA,2020-12-01,85110,Tuesday
1810,<A>,50,2020-12-01T23:38:52-05:00[America/New_York],2020-12-01T23:39:42-05:00[America/New_York],Yes,2020-12-01,85132,Tuesday
1810,C,22,2020-12-01T23:39:42-05:00[America/New_York],2020-12-01T23:40:04-05:00[America/New_York],NA,2020-12-01,85182,Tuesday
1810,<A>,50,2020-12-01T23:40:04-05:00[America/New_York],2020-12-01T23:40:54-05:00[America/New_York],Yes,2020-12-01,85204,Tuesday
1810,C,22,2020-12-01T23:40:54-05:00[America/New_York],2020-12-01T23:41:16-05:00[America/New_York],NA,2020-12-01,85254,Tuesday
1810,<A>,50,2020-12-01T23:41:16-05:00[America/New_York],2020-12-01T23:42:06-05:00[America/New_York],Yes,2020-12-01,85276,Tuesday
1810,C,22,2020-12-01T23:42:06-05:00[America/New_York],2020-12-01T23:42:28-05:00[America/New_York],NA,2020-12-01,85326,Tuesday
1810,<A>,49,2020-12-01T23:42:28-05:00[America/New_York],2020-12-01T23:43:17-05:00[America/New_York],Yes,2020-12-01,85348,Tuesday
1810,C,22,2020-12-01T23:43:17-05:00[America/New_York],2020-12-01T23:43:39-05:00[America/New_York],NA,2020-12-01,85397,Tuesday
1810,<A>,52,2020-12-01T23:43:39-05:00[America/New_York],2020-12-01T23:44:31-05:00[America/New_York],Yes,2020-12-01,85419,Tuesday
1810,C,22,2020-12-01T23:44:31-05:00[America/New_York],2020-12-01T23:44:53-05:00[America/New_York],NA,2020-12-01,85471,Tuesday
1810,<A>,58,2020-12-01T23:44:53-05:00[America/New_York],2020-12-01T23:45:51-05:00[America/New_York],NA,2020-12-01,85493,Tuesday
1810,C,22,2020-12-01T23:45:51-05:00[America/New_York],2020-12-01T23:46:13-05:00[America/New_York],NA,2020-12-01,85551,Tuesday
1810,<A>,50,2020-12-01T23:46:13-05:00[America/New_York],2020-12-01T23:47:03-05:00[America/New_York],Yes,2020-12-01,85573,Tuesday
1810,B,16,2020-12-01T23:47:03-05:00[America/New_York],2020-12-01T23:47:19-05:00[America/New_York],NA,2020-12-01,85623,Tuesday
1810,C,22,2020-12-01T23:47:19-05:00[America/New_York],2020-12-01T23:47:41-05:00[America/New_York],NA,2020-12-01,85639,Tuesday
1810,<A>,62,2020-12-01T23:47:41-05:00[America/New_York],2020-12-01T23:48:43-05:00[America/New_York],Yes,2020-12-01,85661,Tuesday
1810,C,22,2020-12-01T23:48:43-05:00[America/New_York],2020-12-01T23:49:05-05:00[America/New_York],NA,2020-12-01,85723,Tuesday
1810,<A>,56,2020-12-01T23:49:05-05:00[America/New_York],2020-12-01T23:50:01-05:00[America/New_York],Yes,2020-12-01,85745,Tuesday
1810,C,22,2020-12-01T23:50:01-05:00[America/New_York],2020-12-01T23:50:23-05:00[America/New_York],NA,2020-12-01,85801,Tuesday
1810,<A>,59,2020-12-01T23:50:23-05:00[America/New_York],2020-12-01T23:51:22-05:00[America/New_York],Yes,2020-12-01,85823,Tuesday
1810,C,22,2020-12-01T23:51:22-05:00[America/New_York],2020-12-01T23:51:44-05:00[America/New_York],NA,2020-12-01,85882,Tuesday
1810,<A>,48,2020-12-01T23:51:44-05:00[America/New_York],2020-12-01T23:52:32-05:00[America/New_York],Yes,2020-12-01,85904,Tuesday
1810,C,22,2020-12-01T23:52:32-05:00[America/New_York],2020-12-01T23:52:54-05:00[America/New_York],NA,2020-12-01,85952,Tuesday
1810,<A>,51,2020-12-01T23:52:54-05:00[America/New_York],2020-12-01T23:53:45-05:00[America/New_York],Yes,2020-12-01,85974,Tuesday
1810,C,22,2020-12-01T23:53:45-05:00[America/New_York],2020-12-01T23:54:07-05:00[America/New_York],NA,2020-12-01,86025,Tuesday
1810,<A>,54,2020-12-01T23:54:07-05:00[America/New_York],2020-12-01T23:55:01-05:00[America/New_York],Yes,2020-12-01,86047,Tuesday
1810,C,22,2020-12-01T23:55:01-05:00[America/New_York],2020-12-01T23:55:23-05:00[America/New_York],NA,2020-12-01,86101,Tuesday
1810,<A>,47,2020-12-01T23:55:23-05:00[America/New_York],2020-12-01T23:56:10-05:00[America/New_York],Yes,2020-12-01,86123,Tuesday
1810,C,22,2020-12-01T23:56:10-05:00[America/New_York],2020-12-01T23:56:32-05:00[America/New_York],NA,2020-12-01,86170,Tuesday
1810,<A>,58,2020-12-01T23:56:32-05:00[America/New_York],2020-12-01T23:57:30-05:00[America/New_York],NA,2020-12-01,86192,Tuesday
1810,C,22,2020-12-01T23:57:30-05:00[America/New_York],2020-12-01T23:57:52-05:00[America/New_York],NA,2020-12-01,86250,Tuesday
1810,<A>,55,2020-12-01T23:57:52-05:00[America/New_York],2020-12-01T23:58:47-05:00[America/New_York],Yes,2020-12-01,86272,Tuesday
1810,C,22,2020-12-01T23:58:47-05:00[America/New_York],2020-12-01T23:59:09-05:00[America/New_York],NA,2020-12-01,86327,Tuesday
1810,<A>,47,2020-12-01T23:59:09-05:00[America/New_York],2020-12-01T23:59:56-05:00[America/New_York],Yes,2020-12-01,86349,Tuesday
1810,B,2,2020-12-01T23:59:56-05:00[America/New_York],2020-12-01T23:59:58-05:00[America/New_York],NA,2020-12-01,86396,Tuesday
1811,B,10,2020-12-01T23:15:34-05:00[America/New_York],2020-12-01T23:15:44-05:00[America/New_York],Yes,2020-12-01,83734,Tuesday
1811,<A>,87,2020-12-01T23:15:44-05:00[America/New_York],2020-12-01T23:17:11-05:00[America/New_York],NA,2020-12-01,83744,Tuesday
1811,B,43,2020-12-01T23:17:11-05:00[America/New_York],2020-12-01T23:17:54-05:00[America/New_York],NA,2020-12-01,83831,Tuesday
1811,<A>,32,2020-12-01T23:17:54-05:00[America/New_York],2020-12-01T23:18:26-05:00[America/New_York],Yes,2020-12-01,83874,Tuesday
1811,B,43,2020-12-01T23:18:26-05:00[America/New_York],2020-12-01T23:19:09-05:00[America/New_York],NA,2020-12-01,83906,Tuesday
1811,<A>,72,2020-12-01T23:19:09-05:00[America/New_York],2020-12-01T23:20:21-05:00[America/New_York],NA,2020-12-01,83949,Tuesday
1811,B,40,2020-12-01T23:20:21-05:00[America/New_York],2020-12-01T23:21:01-05:00[America/New_York],NA,2020-12-01,84021,Tuesday
1811,<A>,30,2020-12-01T23:21:01-05:00[America/New_York],2020-12-01T23:21:31-05:00[America/New_York],Yes,2020-12-01,84061,Tuesday
1811,B,40,2020-12-01T23:21:31-05:00[America/New_York],2020-12-01T23:22:11-05:00[America/New_York],NA,2020-12-01,84091,Tuesday
1811,<A>,30,2020-12-01T23:22:11-05:00[America/New_York],2020-12-01T23:22:41-05:00[America/New_York],Yes,2020-12-01,84131,Tuesday
1811,B,37,2020-12-01T23:22:41-05:00[America/New_York],2020-12-01T23:23:18-05:00[America/New_York],NA,2020-12-01,84161,Tuesday
1811,<A>,30,2020-12-01T23:23:18-05:00[America/New_York],2020-12-01T23:23:48-05:00[America/New_York],Yes,2020-12-01,84198,Tuesday
1811,B,34,2020-12-01T23:23:48-05:00[America/New_York],2020-12-01T23:24:22-05:00[America/New_York],NA,2020-12-01,84228,Tuesday
1811,<A>,30,2020-12-01T23:24:22-05:00[America/New_York],2020-12-01T23:24:52-05:00[America/New_York],Yes,2020-12-01,84262,Tuesday
1811,B,43,2020-12-01T23:24:52-05:00[America/New_York],2020-12-01T23:25:35-05:00[America/New_York],NA,2020-12-01,84292,Tuesday
1811,<A>,30,2020-12-01T23:25:35-05:00[America/New_York],2020-12-01T23:26:05-05:00[America/New_York],Yes,2020-12-01,84335,Tuesday
1811,B,43,2020-12-01T23:26:05-05:00[America/New_York],2020-12-01T23:26:48-05:00[America/New_York],NA,2020-12-01,84365,Tuesday
1811,<A>,30,2020-12-01T23:26:48-05:00[America/New_York],2020-12-01T23:27:18-05:00[America/New_York],Yes,2020-12-01,84408,Tuesday
1811,B,43,2020-12-01T23:27:18-05:00[America/New_York],2020-12-01T23:28:01-05:00[America/New_York],NA,2020-12-01,84438,Tuesday
1811,<A>,30,2020-12-01T23:28:01-05:00[America/New_York],2020-12-01T23:28:31-05:00[America/New_York],Yes,2020-12-01,84481,Tuesday
1811,B,42,2020-12-01T23:28:31-05:00[America/New_York],2020-12-01T23:29:13-05:00[America/New_York],NA,2020-12-01,84511,Tuesday
1811,<A>,30,2020-12-01T23:29:13-05:00[America/New_York],2020-12-01T23:29:43-05:00[America/New_York],Yes,2020-12-01,84553,Tuesday
1811,B,39,2020-12-01T23:29:43-05:00[America/New_York],2020-12-01T23:30:22-05:00[America/New_York],NA,2020-12-01,84583,Tuesday
1811,<A>,30,2020-12-01T23:30:22-05:00[America/New_York],2020-12-01T23:30:52-05:00[America/New_York],Yes,2020-12-01,84622,Tuesday
1811,B,39,2020-12-01T23:30:52-05:00[America/New_York],2020-12-01T23:31:31-05:00[America/New_York],NA,2020-12-01,84652,Tuesday
1811,<A>,30,2020-12-01T23:31:31-05:00[America/New_York],2020-12-01T23:32:01-05:00[America/New_York],Yes,2020-12-01,84691,Tuesday
1811,B,43,2020-12-01T23:32:01-05:00[America/New_York],2020-12-01T23:32:44-05:00[America/New_York],NA,2020-12-01,84721,Tuesday
1811,<A>,30,2020-12-01T23:32:44-05:00[America/New_York],2020-12-01T23:33:14-05:00[America/New_York],Yes,2020-12-01,84764,Tuesday
1811,B,43,2020-12-01T23:33:14-05:00[America/New_York],2020-12-01T23:33:57-05:00[America/New_York],NA,2020-12-01,84794,Tuesday
1811,<A>,30,2020-12-01T23:33:57-05:00[America/New_York],2020-12-01T23:34:27-05:00[America/New_York],Yes,2020-12-01,84837,Tuesday
1811,B,41,2020-12-01T23:34:27-05:00[America/New_York],2020-12-01T23:35:08-05:00[America/New_York],NA,2020-12-01,84867,Tuesday
1811,<A>,30,2020-12-01T23:35:08-05:00[America/New_York],2020-12-01T23:35:38-05:00[America/New_York],Yes,2020-12-01,84908,Tuesday
1811,B,41,2020-12-01T23:35:38-05:00[America/New_York],2020-12-01T23:36:19-05:00[America/New_York],NA,2020-12-01,84938,Tuesday
1811,<A>,30,2020-12-01T23:36:19-05:00[America/New_York],2020-12-01T23:36:49-05:00[America/New_York],Yes,2020-12-01,84979,Tuesday
1811,B,43,2020-12-01T23:36:49-05:00[America/New_York],2020-12-01T23:37:32-05:00[America/New_York],NA,2020-12-01,85009,Tuesday
1811,<A>,30,2020-12-01T23:37:32-05:00[America/New_York],2020-12-01T23:38:02-05:00[America/New_York],Yes,2020-12-01,85052,Tuesday
1811,B,43,2020-12-01T23:38:02-05:00[America/New_York],2020-12-01T23:38:45-05:00[America/New_York],NA,2020-12-01,85082,Tuesday
1811,<A>,30,2020-12-01T23:38:45-05:00[America/New_York],2020-12-01T23:39:15-05:00[America/New_York],Yes,2020-12-01,85125,Tuesday
1811,B,41,2020-12-01T23:39:15-05:00[America/New_York],2020-12-01T23:39:56-05:00[America/New_York],NA,2020-12-01,85155,Tuesday
1811,<A>,30,2020-12-01T23:39:56-05:00[America/New_York],2020-12-01T23:40:26-05:00[America/New_York],Yes,2020-12-01,85196,Tuesday
1811,B,41,2020-12-01T23:40:26-05:00[America/New_York],2020-12-01T23:41:07-05:00[America/New_York],NA,2020-12-01,85226,Tuesday
1811,<A>,30,2020-12-01T23:41:07-05:00[America/New_York],2020-12-01T23:41:37-05:00[America/New_York],Yes,2020-12-01,85267,Tuesday
1811,B,38,2020-12-01T23:41:37-05:00[America/New_York],2020-12-01T23:42:15-05:00[America/New_York],NA,2020-12-01,85297,Tuesday
1811,<A>,30,2020-12-01T23:42:15-05:00[America/New_York],2020-12-01T23:42:45-05:00[America/New_York],Yes,2020-12-01,85335,Tuesday
1811,B,43,2020-12-01T23:42:45-05:00[America/New_York],2020-12-01T23:43:28-05:00[America/New_York],NA,2020-12-01,85365,Tuesday
1811,<A>,30,2020-12-01T23:43:28-05:00[America/New_York],2020-12-01T23:43:58-05:00[America/New_York],Yes,2020-12-01,85408,Tuesday
1811,B,43,2020-12-01T23:43:58-05:00[America/New_York],2020-12-01T23:44:41-05:00[America/New_York],NA,2020-12-01,85438,Tuesday
1811,<A>,30,2020-12-01T23:44:41-05:00[America/New_York],2020-12-01T23:45:11-05:00[America/New_York],Yes,2020-12-01,85481,Tuesday
1811,B,43,2020-12-01T23:45:11-05:00[America/New_York],2020-12-01T23:45:54-05:00[America/New_York],NA,2020-12-01,85511,Tuesday
1811,<A>,30,2020-12-01T23:45:54-05:00[America/New_York],2020-12-01T23:46:24-05:00[America/New_York],Yes,2020-12-01,85554,Tuesday
1811,B,43,2020-12-01T23:46:24-05:00[America/New_York],2020-12-01T23:47:07-05:00[America/New_York],NA,2020-12-01,85584,Tuesday
1811,<A>,30,2020-12-01T23:47:07-05:00[America/New_York],2020-12-01T23:47:37-05:00[America/New_York],Yes,2020-12-01,85627,Tuesday
1811,B,41,2020-12-01T23:47:37-05:00[America/New_York],2020-12-01T23:48:18-05:00[America/New_York],NA,2020-12-01,85657,Tuesday
1811,<A>,30,2020-12-01T23:48:18-05:00[America/New_York],2020-12-01T23:48:48-05:00[America/New_York],Yes,2020-12-01,85698,Tuesday
1811,B,41,2020-12-01T23:48:48-05:00[America/New_York],2020-12-01T23:49:29-05:00[America/New_York],NA,2020-12-01,85728,Tuesday
1811,<A>,30,2020-12-01T23:49:29-05:00[America/New_York],2020-12-01T23:49:59-05:00[America/New_York],Yes,2020-12-01,85769,Tuesday
1811,B,41,2020-12-01T23:49:59-05:00[America/New_York],2020-12-01T23:50:40-05:00[America/New_York],NA,2020-12-01,85799,Tuesday
1811,<A>,30,2020-12-01T23:50:40-05:00[America/New_York],2020-12-01T23:51:10-05:00[America/New_York],Yes,2020-12-01,85840,Tuesday
1811,B,39,2020-12-01T23:51:10-05:00[America/New_York],2020-12-01T23:51:49-05:00[America/New_York],NA,2020-12-01,85870,Tuesday
1811,<A>,30,2020-12-01T23:51:49-05:00[America/New_York],2020-12-01T23:52:19-05:00[America/New_York],Yes,2020-12-01,85909,Tuesday
1811,B,36,2020-12-01T23:52:19-05:00[America/New_York],2020-12-01T23:52:55-05:00[America/New_York],NA,2020-12-01,85939,Tuesday
1811,<A>,30,2020-12-01T23:52:55-05:00[America/New_York],2020-12-01T23:53:25-05:00[America/New_York],Yes,2020-12-01,85975,Tuesday
1811,B,33,2020-12-01T23:53:25-05:00[America/New_York],2020-12-01T23:53:58-05:00[America/New_York],NA,2020-12-01,86005,Tuesday
1811,<A>,30,2020-12-01T23:53:58-05:00[America/New_York],2020-12-01T23:54:28-05:00[America/New_York],Yes,2020-12-01,86038,Tuesday
1811,B,33,2020-12-01T23:54:28-05:00[America/New_York],2020-12-01T23:55:01-05:00[America/New_York],NA,2020-12-01,86068,Tuesday
1811,<A>,31,2020-12-01T23:55:01-05:00[America/New_York],2020-12-01T23:55:32-05:00[America/New_York],Yes,2020-12-01,86101,Tuesday
1811,B,43,2020-12-01T23:55:32-05:00[America/New_York],2020-12-01T23:56:15-05:00[America/New_York],NA,2020-12-01,86132,Tuesday
1811,<A>,73,2020-12-01T23:56:15-05:00[America/New_York],2020-12-01T23:57:28-05:00[America/New_York],NA,2020-12-01,86175,Tuesday
1811,B,40,2020-12-01T23:57:28-05:00[America/New_York],2020-12-01T23:58:08-05:00[America/New_York],NA,2020-12-01,86248,Tuesday
1811,<A>,58,2020-12-01T23:58:08-05:00[America/New_York],2020-12-01T23:59:06-05:00[America/New_York],NA,2020-12-01,86288,Tuesday
1811,B,37,2020-12-01T23:59:06-05:00[America/New_York],2020-12-01T23:59:43-05:00[America/New_York],NA,2020-12-01,86346,Tuesday
1811,<A>,15,2020-12-01T23:59:43-05:00[America/New_York],2020-12-01T23:59:58-05:00[America/New_York],NA,2020-12-01,86383,Tuesday
1812,<A>,146,2020-12-01T23:15:34-05:00[America/New_York],2020-12-01T23:18:00-05:00[America/New_York],NA,2020-12-01,83734,Tuesday
1812,C,16,2020-12-01T23:18:00-05:00[America/New_York],2020-12-01T23:18:16-05:00[America/New_York],Yes,2020-12-01,83880,Tuesday
1812,<A>,78,2020-12-01T23:18:16-05:00[America/New_York],2020-12-01T23:19:34-05:00[America/New_York],NA,2020-12-01,83896,Tuesday
1812,B,10,2020-12-01T23:19:34-05:00[America/New_York],2020-12-01T23:19:44-05:00[America/New_York],Yes,2020-12-01,83974,Tuesday
1812,C,15,2020-12-01T23:19:44-05:00[America/New_York],2020-12-01T23:19:59-05:00[America/New_York],Yes,2020-12-01,83984,Tuesday
1812,<A>,150,2020-12-01T23:19:59-05:00[America/New_York],2020-12-01T23:22:29-05:00[America/New_York],Yes,2020-12-01,83999,Tuesday
1812,C,15,2020-12-01T23:22:29-05:00[America/New_York],2020-12-01T23:22:44-05:00[America/New_York],Yes,2020-12-01,84149,Tuesday
1812,<A>,87,2020-12-01T23:22:44-05:00[America/New_York],2020-12-01T23:24:11-05:00[America/New_York],NA,2020-12-01,84164,Tuesday
1812,B,8,2020-12-01T23:24:11-05:00[America/New_York],2020-12-01T23:24:19-05:00[America/New_York],Yes,2020-12-01,84251,Tuesday
1812,C,16,2020-12-01T23:24:19-05:00[America/New_York],2020-12-01T23:24:35-05:00[America/New_York],Yes,2020-12-01,84259,Tuesday
1812,<A>,56,2020-12-01T23:24:35-05:00[America/New_York],2020-12-01T23:25:31-05:00[America/New_York],Yes,2020-12-01,84275,Tuesday
1812,C,15,2020-12-01T23:25:31-05:00[America/New_York],2020-12-01T23:25:46-05:00[America/New_York],Yes,2020-12-01,84331,Tuesday
1812,<A>,71,2020-12-01T23:25:46-05:00[America/New_York],2020-12-01T23:26:57-05:00[America/New_York],NA,2020-12-01,84346,Tuesday
1812,C,16,2020-12-01T23:26:57-05:00[America/New_York],2020-12-01T23:27:13-05:00[America/New_York],Yes,2020-12-01,84417,Tuesday
1812,<A>,133,2020-12-01T23:27:13-05:00[America/New_York],2020-12-01T23:29:26-05:00[America/New_York],Yes,2020-12-01,84433,Tuesday
1812,B,10,2020-12-01T23:29:26-05:00[America/New_York],2020-12-01T23:29:36-05:00[America/New_York],Yes,2020-12-01,84566,Tuesday
1812,C,16,2020-12-01T23:29:36-05:00[America/New_York],2020-12-01T23:29:52-05:00[America/New_York],Yes,2020-12-01,84576,Tuesday
1812,<A>,116,2020-12-01T23:29:52-05:00[America/New_York],2020-12-01T23:31:48-05:00[America/New_York],NA,2020-12-01,84592,Tuesday
1812,B,10,2020-12-01T23:31:48-05:00[America/New_York],2020-12-01T23:31:58-05:00[America/New_York],Yes,2020-12-01,84708,Tuesday
1812,C,15,2020-12-01T23:31:58-05:00[America/New_York],2020-12-01T23:32:13-05:00[America/New_York],Yes,2020-12-01,84718,Tuesday
1812,<A>,143,2020-12-01T23:32:13-05:00[America/New_York],2020-12-01T23:34:36-05:00[America/New_York],Yes,2020-12-01,84733,Tuesday
1812,B,11,2020-12-01T23:34:36-05:00[America/New_York],2020-12-01T23:34:47-05:00[America/New_York],Yes,2020-12-01,84876,Tuesday
1812,C,15,2020-12-01T23:34:47-05:00[America/New_York],2020-12-01T23:35:02-05:00[America/New_York],Yes,2020-12-01,84887,Tuesday
1812,<A>,104,2020-12-01T23:35:02-05:00[America/New_York],2020-12-01T23:36:46-05:00[America/New_York],NA,2020-12-01,84902,Tuesday
1812,C,15,2020-12-01T23:36:46-05:00[America/New_York],2020-12-01T23:37:01-05:00[America/New_York],Yes,2020-12-01,85006,Tuesday
1812,<A>,38,2020-12-01T23:37:01-05:00[America/New_York],2020-12-01T23:37:39-05:00[America/New_York],Yes,2020-12-01,85021,Tuesday
1812,B,10,2020-12-01T23:37:39-05:00[America/New_York],2020-12-01T23:37:49-05:00[America/New_York],Yes,2020-12-01,85059,Tuesday
1812,C,16,2020-12-01T23:37:49-05:00[America/New_York],2020-12-01T23:38:05-05:00[America/New_York],Yes,2020-12-01,85069,Tuesday
1812,<A>,56,2020-12-01T23:38:05-05:00[America/New_York],2020-12-01T23:39:01-05:00[America/New_York],Yes,2020-12-01,85085,Tuesday
1812,B,10,2020-12-01T23:39:01-05:00[America/New_York],2020-12-01T23:39:11-05:00[America/New_York],Yes,2020-12-01,85141,Tuesday
1812,C,15,2020-12-01T23:39:11-05:00[America/New_York],2020-12-01T23:39:26-05:00[America/New_York],Yes,2020-12-01,85151,Tuesday
1812,<A>,44,2020-12-01T23:39:26-05:00[America/New_York],2020-12-01T23:40:10-05:00[America/New_York],Yes,2020-12-01,85166,Tuesday
1812,C,15,2020-12-01T23:40:10-05:00[America/New_York],2020-12-01T23:40:25-05:00[America/New_York],Yes,2020-12-01,85210,Tuesday
1812,<A>,48,2020-12-01T23:40:25-05:00[America/New_York],2020-12-01T23:41:13-05:00[America/New_York],Yes,2020-12-01,85225,Tuesday
1812,B,8,2020-12-01T23:41:13-05:00[America/New_York],2020-12-01T23:41:21-05:00[America/New_York],Yes,2020-12-01,85273,Tuesday
1812,C,16,2020-12-01T23:41:21-05:00[America/New_York],2020-12-01T23:41:37-05:00[America/New_York],Yes,2020-12-01,85281,Tuesday
1812,<A>,205,2020-12-01T23:41:37-05:00[America/New_York],2020-12-01T23:45:02-05:00[America/New_York],NA,2020-12-01,85297,Tuesday
1812,B,8,2020-12-01T23:45:02-05:00[America/New_York],2020-12-01T23:45:10-05:00[America/New_York],Yes,2020-12-01,85502,Tuesday
1812,C,19,2020-12-01T23:45:10-05:00[America/New_York],2020-12-01T23:45:29-05:00[America/New_York],NA,2020-12-01,85510,Tuesday
1812,<A>,87,2020-12-01T23:45:29-05:00[America/New_York],2020-12-01T23:46:56-05:00[America/New_York],NA,2020-12-01,85529,Tuesday
1812,B,10,2020-12-01T23:46:56-05:00[America/New_York],2020-12-01T23:47:06-05:00[America/New_York],Yes,2020-12-01,85616,Tuesday
1812,C,15,2020-12-01T23:47:06-05:00[America/New_York],2020-12-01T23:47:21-05:00[America/New_York],Yes,2020-12-01,85626,Tuesday
1812,<A>,303,2020-12-01T23:47:21-05:00[America/New_York],2020-12-01T23:52:24-05:00[America/New_York],NA,2020-12-01,85641,Tuesday
1812,C,15,2020-12-01T23:52:24-05:00[America/New_York],2020-12-01T23:52:39-05:00[America/New_York],Yes,2020-12-01,85944,Tuesday
1812,<A>,34,2020-12-01T23:52:39-05:00[America/New_York],2020-12-01T23:53:13-05:00[America/New_York],Yes,2020-12-01,85959,Tuesday
1812,C,15,2020-12-01T23:53:13-05:00[America/New_York],2020-12-01T23:53:28-05:00[America/New_York],Yes,2020-12-01,85993,Tuesday
1812,<A>,142,2020-12-01T23:53:28-05:00[America/New_York],2020-12-01T23:55:50-05:00[America/New_York],Yes,2020-12-01,86008,Tuesday
1812,C,15,2020-12-01T23:55:50-05:00[America/New_York],2020-12-01T23:56:05-05:00[America/New_York],Yes,2020-12-01,86150,Tuesday
1812,<A>,158,2020-12-01T23:56:05-05:00[America/New_York],2020-12-01T23:58:43-05:00[America/New_York],Yes,2020-12-01,86165,Tuesday
1812,B,11,2020-12-01T23:58:43-05:00[America/New_York],2020-12-01T23:58:54-05:00[America/New_York],Yes,2020-12-01,86323,Tuesday
1812,C,16,2020-12-01T23:58:54-05:00[America/New_York],2020-12-01T23:59:10-05:00[America/New_York],Yes,2020-12-01,86334,Tuesday
1812,<A>,48,2020-12-01T23:59:10-05:00[America/New_York],2020-12-01T23:59:58-05:00[America/New_York],NA,2020-12-01,86350,Tuesday
